prIncIpIO,,,,,,
ACIDO ASCORBICO,,,,,,
ACIDO SALICILICO,,,,,,
NI,,,,,,
ACIDO ACETILSALICILICO,,,,,,
ACETATO DE ABIRATERONA,,,,,,
CLOTRIMAZOL,,,,,,
CITRATO DE COLINA;BETAINA;DL-METIONINA,,,,,,
ANFOTERICINA B,,,,,,
ARIPIPRAZOL,,,,,,
ATENOLOL,,,,,,
CLORTALIDONA;ATENOLOL,,,,,,
PACLITAXEL,,,,,,
CLORIDRATO DE DULOXETINA,,,,,,
BENZOATO DE BENZILA,,,,,,
OXIDO DE ZINCO;OXIDO CUPRICO;ACIDO ASCORBICO;SELENATO DE SODIO;RIBOFLAVINA;BETACAROTENO;ACETATO DE RACEALFATOCOFEROL,,,,,,
ACEBROFILINA,,,,,,
ACECLOFENACO,,,,,,
PEROXIDO DE UREIA,,,,,,
PERINDOPRIL ARGININA;BESILATO DE ANLODIPINO,,,,,,
PERINDOPRIL,,,,,,
CLORIDRATO DE TIAMINA,,,,,,
ACETATO DE ATOSIBANA,,,,,,
ACETATO DE CASPOFUNGINA,,,,,,
ACETATO DE CIPROTERONA,,,,,,
ETINILESTRADIOL,,,,,,
ETINILESTRADIOL;ACETATO DE CIPROTERONA,,,,,,
SULFATO DE NEOMICINA;ACETATO DE CLOSTEBOL,,,,,,
ACETATO DE DESMOPRESSINA,,,,,,
ACETATO DE DEXAMETASONA,,,,,,
ACETATO DE HIDROCORTISONA,,,,,,
ACETATO DE PREDNISOLONA,,,,,,
ACETATO DE SODIO TRI-HIDRATADO,,,,,,
DEXAMETASONA,,,,,,
ACETILCISTEINA,,,,,,
TRIANCINOLONA ACETONIDA;SULFATO DE NEOMICINA;NISTATINA;GRAMICIDINA,,,,,,
ACETATO DE MEDROXIPROGESTERONA,,,,,,
TRIANCINOLONA ACETONIDA,,,,,,
ACIDO FOLICO,,,,,,
ACICLOVIR,,,,,,
ACICLOVIR SODICO,,,,,,
ACIDO FUSIDICO,,,,,,
ACIDO FUSIDICO;VALERATO DE BETAMETASONA,,,,,,
ACIDO MEFENAMICO,,,,,,
ACIDO TRANEXAMICO,,,,,,
ACIDO VALPROICO,,,,,,
VALPROATO DE SODIO,,,,,,
ACIDO ZOLEDRONICO MONOIDRATADO,,,,,,
ACIDO ZOLEDRONICO,,,,,,
PEROXIDO DE BENZOILA;ENXOFRE,,,,,,
PEROXIDO DE BENZOILA,,,,,,
ISOTRETINOINA,,,,,,
TOCILIZUMABE,,,,,,
CLORIDRATO DE TRIPROLIDINA;CLORIDRATO DE PSEUDOEFEDRINA,,,,,,
ALTEPLASE,,,,,,
ACETATO DE NORETISTERONA;ESTRADIOL HEMI-HIDRATADO,,,,,,
RISEDRONATO SODICO,,,,,,
CLORIDRATO DE PIOGLITAZONA,,,,,,
CARMELOSE SODICA,,,,,,
TROMETAMOL CETOROLACO,,,,,,
OXIDO DE ZINCO;PALMITATO DE RETINOL;COLECALCIFEROL,,,,,,
VACINA ADSORVIDA DIFTERIA,TArjA VErmElhA,,,,,
ADAPALENO,,,,,,
FOSFATO DE CLINDAMICINA;ADAPALENO,,,,,,
NIFEDIPINO,,,,,,
CLORIDRATO DE VENLAFAXINA,,,,,,
BRENTUXIMABE VEDOTINA,,,,,,
TADALAFILA,,,,,,
COLECALCIFEROL,,,,,,
PALMITATO DE RETINOL;COLECALCIFEROL;ACETATO DE RACEALFATOCOFEROL,,,,,,
SULFATO DE ZINCO HEPTAIDRATADO;SULFATO DE MANGANES MONOIDRATADO;SULFATO CUPRICO PENTAIDRATADO;CLORETO CROMICO HEXAIDRATADO,,,,,,
RIOCIGUATE,,,,,,
ADENOSINA,,,,,,
LINEZOLIDA,,,,,,
DESONIDA,,,,,,
SULFATO DE GENTAMICINA;DESONIDA,,,,,,
PANTOPRAZOL,,,,,,
CLORIDRATO DE NAFAZOLINA;CLORIDRATO DE DIFENIDRAMINA,,,,,,
GESTODENO;ETINILESTRADIOL,,,,,,
EPINEFRINA,,,,,,
CLORIDRATO DE DOXORRUBICINA,,,,,,
COLECALCIFEROL;ACETATO DE RETINOL,,,,,,
ACEPONATO DE METILPREDNISOLONA,,,,,,
ALFAOCTOCOGUE,,,,,,
IBUPROFENO,,,,,,
HEMIFUMARATO DE QUETIAPINA,,,,,,
SULFATO DE SALBUTAMOL,,,,,,
BROMETO DE IPRATROPIO,,,,,,
SULFATO DE SALBUTAMOL;GUAIFENESINA,,,,,,
EVEROLIMO,,,,,,
IBANDRONATO DE SODIO,,,,,,
CLORIDRATO DE OXIMETAZOLINA,,,,,,
TARTARATO DE BISMUTO E SODIO;SULFATO DE NEOMICINA;MENTOL;CLORIDRATO DE PROCAINA,,,,,,
DICLORIDRATO DE PRAMIPEXOL,,,,,,
FUMARATO DE CLEMASTINA,,,,,,
ACARBOSE,,,,,,
AGOMELATINA,,,,,,
TIROFIBANA,,,,,,
CLORIDRATO DE ANAGRELIDA,,,,,,
AGUA PARA INJETAVEIS,,,,,,
AGUA,,,,,,
PARACETAMOL;FOSFATO DE CODEINA,,,,,,
CITRATO DE SILDENAFILA,,,,,,
TRAVOPROSTA,,,,,,
ETINILESTRADIOL;ACETATO DE CLORMADINONA,,,,,,
CLORIDRATO DE BIPERIDENO,,,,,,
PALONOSETRONA;NETUPITANTO,,,,,,
ALANILGLUTAMINA,,,,,,
ALBENDAZOL,,,,,,
CLORATO DE POTASSIO;BICARBONATO DE SODIO;BENZOCAINA,,,,,,
ALBUMINA HUMANA,,,,,,
NISTATINA,,,,,,
POLICRESULENO,,,,,,
CYNARA SCOLYMUS L.,,,,,,
CITALOPRAM,,,,,,
ESPIRONOLACTONA,,,,,,
HIDROCLOROTIAZIDA;ESPIRONOLACTONA,,,,,,
ENANTATO DE ESTRADIOL;ALGESTONA ACETOFENIDA,,,,,,
METILDOPA,,,,,,
ESPIRINOLACTONA,,,,,,
LARONIDASE,,,,,,
CLORIDRATO DE ALECTINIBE,,,,,,
BILASTINA,,,,,,
ALENDRONATO DE SODIO TRI-HIDRATADO,,,,,,
COLECALCIFEROL;CARBONATO DE CALCIO;ALENDRONATO DE SODIO TRI-HIDRATADO,,,,,,
ALENDRONATO DE SODIO,,,,,,
FUMARATO DE FORMOTEROL;BUDESONIDA,,,,,,
FUMARATO DE FORMOTEROL DI-HIDRATADO;BUDESONIDA,,,,,,
BUDESONIDA,,,,,,
DESLORATADINA,,,,,,
DIPROPIONATO DE BECLOMETASONA,,,,,,
LORATADINA,,,,,,
SULFATO DE PSEUDOEFEDRINA;LORATADINA,,,,,,
MALEATO DE DEXCLORFENIRAMINA;BETAMETASONA,,,,,,
MALEATO DE DEXCLORFENIRAMINA,,,,,,
LEVOFLOXACINO HEMI-HIDRATADO,,,,,,
LEVOFLOXACINO HEMIIDRATADO,,,,,,
ERITROPOIETINA,,,,,,
ERITROPOETINA HUMANA RECOMBINANTE,,,,,,
ALFAEPOETINA,,,,,,
ALFAESTRADIOL,,,,,,
ALFAINTERFERONA 2B,,,,,,
CLORIDRATO DE ALFENTANILA,,,,,,
CLORIDRATO DE ALFENTANILA MONOIDRATADA,,,,,,
BUTILBROMETO DE ESCOPOLAMINA,,,,,,
BUTILBROMETO DE ESCOPOLAMINA;DIPIRONA,,,,,,
PARACETAMOL;DICLOFENACO SODICO;CARISOPRODOL;CAFEINA,,,,,,
CETOPROFENO,,,,,,
NITRATO DE TIAMINA;DICLOFENACO SODICO;CLORIDRATO DE PIRIDOXINA;CIANOCOBALAMINA,,,,,,
DICLOFENACO;CLORIDRATO DE TIAMINA;CLORIDRATO DE PIRIDOXINA;CIANOCOBALAMINA,,,,,,
CIANOCOBALAMINA,,,,,,
CLORIDRATO DE TIAMINA;CLORIDRATO DE PIRIDOXINA;CIANOCOBALAMINA;DICLOFENACO DE SODIO,,,,,,
NITRATO DE TIAMINA;CLORIDRATO DE PIRIDOXINA;CIANOCOBALAMINA;DICLOFENACO DE SODIO,,,,,,
ACIDO ACETILSALICILICO;CAFEINA,,,,,,
HEPARINA SODICA SUINA,,,,,,
PEMETREXEDE DISSODICO,,,,,,
OXIDO DE ZINCO;NISTATINA,,,,,,
DIPIRONA,,,,,,
DIPIRONA MONOIDRATADA,,,,,,
SALICILATO DE METILA;MENTOL;CANFORA,,,,,,
BESILATO DE ANLODIPINO,,,,,,
MELFALANA,,,,,,
CLORIDRATO DE FEXOFENADINA,,,,,,
CLORIDRATO DE PSEUDOEFEDRINA;CLORIDRATO DE FEXOFENADINA,,,,,,
DIENOGESTE,,,,,,
CLORIDRATO DE MEMANTINA,,,,,,
PREGABALINA,,,,,,
ALOPURINOL,,,,,,
MINOXIDIL,,,,,,
CLORIDRATO DE BUPROPIONA,,,,,,
TARTARATO DE BRIMONIDINA,,,,,,
EPINEFRINA;CLORIDRATO DE LIDOCAINA,,,,,,
FATOR DE VON WILLEBRAND,,,,,,
ALPRAZOLAM,,,,,,
ALPROSTADIL,,,,,,
ETABONATO DE LOTEPREDNOL,,,,,,
RETAPAMULINA,,,,,,
CICLESONIDA,,,,,,
OXCARBAZEPINA,,,,,,
BROMIDRATO DE GALANTAMINA,,,,,,
GLIMEPIRIDA,,,,,,
TOPIRAMATO,,,,,,
CLORIDRATO DE AMBROXOL,,,,,,
SULFATO DE AMICACINA,,,,,,
TIROTRICINA;BENZOCAINA,,,,,,
HIDROCLOROTIAZIDA;CLORIDRATO DE AMILORIDA,,,,,,
AMINOFILINA,,,,,,
ACIDO GLUTAMICO;ACIDO ASPARTICO;TRIPTOFANA;TREONINA;TIROSINA;SERINA;PROLINA;LEVOVALINA;LEVOMETIONINA;LEUCINA;ISOLEUCINA;HISTIDINA;GLICINA;FENILALANINA;CLORIDRATO DE ORNITINA;ASPARAGINA;ARGININA;ALANINA,,,,,,
TRIPTOFANA;TREONINA;SERINA;PROLINA;LISINA;LEVOVALINA;LEVOMETIONINA;LEUCINA;ISOLEUCINA;HISTIDINA;GLICINA;FENILALANINA;ARGININA;ALANINA;ACETILCISTEINA,,,,,,
TRIPTOFANA;TREONINA;TIROSINA;TAURINA;SERINA;PROLINA;LEVOVALINA;LEUCINA;ISOLEUCINA;HISTIDINA;GLICINA;FENILALANINA;ARGININA;ALANINA;ACETATO DE LISINA;L-METIONINA,,,,,,
TRIPTOFANA;TREONINA;TIROSINA;TAURINA;SERINA;PROLINA;LEVOVALINA;LEVOMETIONINA;LEUCINA;ISOLEUCINA;HISTIDINA;GLICINA;FENILALANINA;ARGININA;ALANINA;ACETATO DE LISINA,,,,,,
ACIDO MALICO;TRIPTOFANA;TREONINA;TIROSINA;TAURINA;SERINA;PROLINA;LEVOVALINA;LEVOMETIONINA;LEUCINA;ISOLEUCINA;HISTIDINA;GLICINA;FENILALANINA;CISTEINA;ARGININA;ALANINA;ACETATO DE LISINA,,,,,,
CLORIDRATO DE AMIODARONA,,,,,,
LEUCINA,,,,,,
AMOXICILINA TRI-HIDRATADA,,,,,,
AMOXICILINA,,,,,,
AMOXICILINA TRIHIDRATADA,,,,,,
AMOXICILINA TRI-HIDRATADA;AMOXICILINA,,,,,,
CLAVULANATO DE POTASSIO;AMOXICILINA,,,,,,
CLAVULANATO DE POTASSIO;AMOXICILINA TRI-HIDRATADA,,,,,,
CLAVULANATO DE POTASSIO;AMOXICILINA SODICA,,,,,,
CLAVULANATO DE POTASSIO,,,,,,
CLAVULANATO DE POTASSIO;AMOXICILINA TRIHIDRATADA,,,,,,
AMOXICILINA TRI-HIDRATADA;AMOXICILINA TRIHIDRATADA,,,,,,
AMPICILINA,,,,,,
AMPICILINA ANIDRA,,,,,,
AMPICILINA SODICA,,,,,,
SULBACTAM SODICA;AMPICILINA SODICA,,,,,,
SULBACTAM SODICA,,,,,,
CLORIDRATO DE CLORPROMAZINA,,,,,,
TINIDAZOL,,,,,,
TINIDAZOL;NITRATO DE MICONAZOL,,,,,,
TIOCONAZOL;TINIDAZOL,,,,,,
CEFTRIAXONA SODICA,,,,,,
CLORIDRATO DE PROPRANOLOL,,,,,,
CLORIDRATO DE AMITRIPTILINA,,,,,,
DIPIRONA MONOIDRATADA;DIPIRONA,,,,,,
FOSFATO DE CLINDAMICINA,,,,,,
CITRATO DE ORFENADRINA;CAFEINA;DIPIRONA,,,,,,
CLORIDRATO DE CLOMIPRAMINA,,,,,,
PARACETAMOL,,,,,,
PIROXICAM,,,,,,
OXIDO DE ZINCO;SULFATO DE POLIMIXINA B;SULFATO DE NEOMICINA;PEROXIDO DE ZINCO;BACITRACINA ZINCICA,,,,,,
ANASTROZOL,,,,,,
BESILATO DE ANLODIPINO;ATENOLOL,,,,,,
CLORIDRATO DE ISOTIPENDIL,,,,,,
SUCCINATO DE DESVENLAFAXINA MONOIDRATADO,,,,,,
TRICLOSANA;MENTOL;BENZOCAINA,,,,,,
ACIDO UNDECILENICO;ACIDO PROPIONICO;UNDECILENATO DE ZINCO;PROPIONATO DE CALCIO;HEXILRESORCINOL,,,,,,
ACIDO UNDECILENICO;UNDECILENATO DE ZINCO;PROPIONATO DE CALCIO;HEXILRESORCINOL,,,,,,
SUCCINATO SODICO DE HIDROCORTISONA,,,,,,
NORFLOXACINO,,,,,,
TESTOSTERONA,,,,,,
UNDECILATO DE TESTOSTERONA,,,,,,
SULFATO FERROSO HEPTAIDRATADO,,,,,,
CITRATO FERRICO AMONIACAL,,,,,,
SEVOFLURANO,,,,,,
CITRATO DE FENTANILA,,,,,,
CLORIDRATO DE PROXIMETACAINA,,,,,,
CLORIDRATO DE TETRACAINA;CLORIDRATO DE FENILEFRINA,,,,,,
DIMETICONA,,,,,,
DROSPIRENONA;ESTRADIOL HEMI-HIDRATADO,,,,,,
DINITRATO DE ISOSSORBIDA,,,,,,
CLORIDRATO DE BENZIDAMINA,,,,,,
VALSARTANA,,,,,,
TROXERRUTINA;CUMARINA,,,,,,
MALEATO DE ENALAPRIL,,,,,,
HIDROCLOROTIAZIDA;CANDESARTANA CILEXETILA,,,,,,
ANIDULAFUNGINA,,,,,,
NITAZOXANIDA,,,,,,
TRIFENATATO DE VILANTEROL;BROMETO DE UMECLIDINIO,,,,,,
CLORIDRATO DE ONDANSETRONA DI-HIDRATADO,,,,,,
CLORIDRATO  DE ONDANSETRONA DI-HIDRATADO,,,,,,
LORAZEPAM,,,,,,
CLORIDRATO DE BUSPIRONA,,,,,,
CLORIDRATO DE RANITIDINA,,,,,,
DISSULFIRAM,,,,,,
CLORIDRATO DE LIDOCAINA;CLORETO DE BENZETONIO,,,,,,
PROMESTRIENO,,,,,,
LEVODROPROPIZINA,,,,,,
CAPTOPRIL,,,,,,
CLORIDRATO DE CIPROEPTADINA,,,,,,
ACIDO ASCORBICO;RIBOFLAVINA;NICOTINAMIDA;CLORIDRATO DE TIAMINA;CLORIDRATO DE PIRIDOXINA;CLORIDRATO DE CIPROEPTADINA,,,,,,
INSULINA GLULISINA,,,,,,
ACIDO ASCORBICO;MALEATO DE CLORFENIRAMINA;DIPIRONA,,,,,,
CAFEINA;DIPIRONA,,,,,,
CLORIDRATO DE HIDRALAZINA,,,,,,
OLANZAPINA,,,,,,
IRBESARTANA,,,,,,
IRBESARTANA;HIDROCLOROTIAZIDA,,,,,,
DESOGESTREL,,,,,,
VALSARTANA;BESILATO DE ANLODIPINO,,,,,,
VALSARTANA;HIDROCLOROTIAZIDA,,,,,,
CITARABINA,,,,,,
LOSARTANA POTASSICA,,,,,,
LOSARTANA POTASSICA;LOSARTAN POTASSICO,,,,,,
LOSARTANA POTASSICA;HIDROCLOROTIAZIDA,,,,,,
HEMITARTARATO DE METARAMINOL,,,,,,
ALFADARBEPOETINA,,,,,,
LEFLUNOMIDA,,,,,,
SULBUTIAMINA,,,,,,
CETOCONAZOL,,,,,,
ETORICOXIBE,,,,,,
NIMESULIDA,,,,,,
VITELINATO DE PRATA,,,,,,
ASPARTATO DE ARGININA,,,,,,
MONTELUCASTE DE SODIO,,,,,,
BENZILPENICILINA POTASSICA,,,,,,
SUCCINATO SODICO DE CLORANFENICOL,,,,,,
CLORIDRATO DE METOCLOPRAMIDA,,,,,,
FONDAPARINUX SODICO,,,,,,
EXEMESTANO,,,,,,
CLORIDRATO DE PAROXETINA,,,,,,
ACETATO DE RETINOL,,,,,,
PALMITATO DE RETINOL,,,,,,
CLORIDRATO DE DONEPEZILA,,,,,,
CLORIDRATO DE TRIEXIFENIDIL,,,,,,
CETRIMIDA,,,,,,
EPINEFRINA;CLORIDRATO DE ARTICAINA,,,,,,
SULFATO DE GLICOSAMINA;SULFATO DE CONDROITINA,,,,,,
SULFATO DE GLICOSAMINA,,,,,,
DICLOFENACO,,,,,,
MELOXICAM,,,,,,
DIACEREINA,,,,,,
LISINATO DE CETOPROFENO,,,,,,
LATANOPROSTA,,,,,,
OFATUMUMABE,,,,,,
MESALAZINA,,,,,,
CLORIDRATO DE LEVAMISOL,,,,,,
OLMESARTANA MEDOXOMILA;HIDROCLOROTIAZIDA,,,,,,
DACARBAZINA,,,,,,
FUMARATO DE CETOTIFENO,,,,,,
MENTOL;IODETO DE POTASSIO,,,,,,
ACIDO ASCORBICO;ACIDO ACETILSALICILICO,,,,,,
DIGLICONATO DE CLOREXIDINA,,,,,,
DIGLUCONATO DE CLOREXIDINA,,,,,,
CLORIDRATO DE SERTRALINA,,,,,,
OXALATO DE ESCITALOPRAM,,,,,,
AZITROMICINA DI-HIDRATADA,,,,,,
CANDESARTANA CILEXETILA,,,,,,
FELODIPINO;CANDESARTANA CILEXETILA,,,,,,
BESILATO DE LEVANLODIPINO,,,,,,
NICLOSAMIDA,,,,,,
CLORIDRATO DE CLONIDINA,,,,,,
BISSULFATO DE CLOPIDOGREL,,,,,,
ATORVASTATINA CALCICA,,,,,,
MALEATO DE ENALAPRIL;BESILATO DE ANLODIPINO,,,,,,
TACROLIMO MONOIDRATADO,,,,,,
DROPROPIZINA,,,,,,
SULFATO DE ATROPINA,,,,,,
CLORIDRATO DE PAPAVERINA;EXTRATO DE ATROPA BELLADONA LINNE;DIPIRONA MONOIDRATADA,,,,,,
CLORIDRATO DE PAPAVERINA,,,,,,
BUTILBROMETO DE ESCOPOLAMINA;DIPIRONA MONOIDRATADA,,,,,,
TERIFLUNOMIDA,,,,,,
MENTOL;FENOL,,,,,,
MOCLOBEMIDA,,,,,,
GESTODENO;ESTRADIOL,,,,,,
CLORIDRATO DE MOXIFLOXACINO,,,,,,
FLUTICASONA,,,,,,
BEVACIZUMABE,,,,,,
VACINA ADSORVIDA HEPATITE A (INATIVADA),,,,,,
SULFATO DE PSEUDOEFEDRINA;DESLORATADINA,,,,,,
RACECADOTRILA,,,,,,
DUTASTERIDA,,,,,,
BETAINTERFERONA 1A,,,,,,
AXETILCEFUROXIMA,,,,,,
AZACITIDINA,,,,,,
AZTREONAM,,,,,,
ACIDO AZELAICO,,,,,,
AZITROMICINA DI-HIDRATADA;AZITROMICINA,,,,,,
AZITROMICINA,,,,,,
SULFADIAZINA DE PRATA;NITRATO CEROSO,,,,,,
MESILATO DE RASAGILINA,,,,,,
AZITROMICINA DIIDRATADA,,,,,,
CLORIDRATO DE AZELASTINA,,,,,,
BRINZOLAMIDA,,,,,,
MALEATO DE TIMOLOL;BRINZOLAMIDA,,,,,,
GLICLAZIDA,,,,,,
SULFASSALAZINA,,,,,,
GLIMEPIRIDA;CLORIDRATO DE METFORMINA,,,,,,
CLORETO DE SODIO;CLORETO DE POTASSIO;CLORETO DE CALCIO DI-HIDRATADO,,,,,,
SULFAMETOXAZOL,,,,,,
TRIMETOPRIMA;SULFAMETOXAZOL,,,,,,
SULFATO DE NEOMICINA;BACITRACINA ZINCICA,,,,,,
SULFATO DE NEOMICINA;BACITRACINA,,,,,,
BACLOFENO,,,,,,
MUPIROCINA,,,,,,
SULFATO DE TRIMETOPRIMA;SULFAMETOXAZOL,,,,,,
TEICOPLANINA,,,,,,
INSULINA HUMANA,TArjA VErmElhA,,,,,
LACTATO DE SODIO;CLORETO DE SODIO;CLORETO DE MAGNESIO HEXAIDRATADO;BICARBONATO DE SODIO;GLICOSE MONOHIDRATADA;CLORETO DE CALCIO DI-HIDRATADO,,,,,,
LACTATO DE SODIO;CLORETO DE SODIO;CLORETO DE MAGNESIO HEXAIDRATADO;BICARBONATO DE SODIO;GLICOSE ANIDRA;CLORETO DE CALCIO DI-HIDRATADO,,,,,,
DILTIAZEM,,,,,,
CLORIDRATO DE DILTIAZEM,,,,,,
SALICILATO DE METILA;MENTOL,,,,,,
CLORIDRATO DE BAMBUTEROL,,,,,,
CLORIDRATO DE BAMIFILINA,,,,,,
ENTECAVIR,,,,,,
FENOBARBITAL,,,,,,
SULFATO DE BARIO,,,,,,
INSULINA GLARGINA,,,,,,
GLICEROL,,,,,,
AVELUMABE,,,,,,
GLICINA,,,,,,
GLICOSE,,,,,,
LACTATO DE SODIO;CLORETO DE SODIO;CLORETO DE POTASSIO;CLORETO DE CALCIO,,,,,,
SORBITOL,,,,,,
OXIDO DE ZINCO,,,,,,
CARMUSTINA,,,,,,
FOSFATO DISSODICO DE BETAMETASONA;DIPROPIONATO DE BETAMETASONA,,,,,,
BESILATO DE CISATRACURIO,,,,,,
SULFATO DE POLIMIXINA B,,,,,,
PANTOTENATO DE CALCIO;NICOTINAMIDA;FOSFATO SODICO DE RIBOFLAVINA;CLORIDRATO DE TIAMINA;CLORIDRATO DE PIRIDOXINA,,,,,,
RIBOFLAVINA;PANTOTENATO DE CALCIO;NICOTINAMIDA;FOSFATO SODICO DE RIBOFLAVINA;CLORIDRATO DE TIAMINA;CLORIDRATO DE PIRIDOXINA,,,,,,
RIBOFLAVINA;PANTOTENATO DE CALCIO;NICOTINAMIDA;CLORIDRATO DE TIAMINA;CLORIDRATO DE PIRIDOXINA,,,,,,
DICLOFENACO SODICO,,,,,,
OXIDO DE ZINCO;RETINOL;COLECALCIFEROL,,,,,,
ACIDO DESOXICOLICO,,,,,,
MEBENDAZOL,,,,,,
CLORIDRATO DE LORCASSERINA HEMI-HIDRATADO,,,,,,
CLORIDRATO DE DIFENIDRAMINA;CLORETO DE AMONIO;CITRATO DE SODIO,,,,,,
CITRATO DE SODIO DI-HIDRATADO,,,,,,
ALFANONACOGUE,,,,,,
MALEATO DE CLORFENIRAMINA;CAFEINA;DIPIRONA MONOIDRATADA,,,,,,
PARACETAMOL;MALEATO DE CARBINOXAMINA;CLORIDRATO DE FENILEFRINA,,,,,,
PARACETAMOL;CLORIDRATO DE FENILEFRINA,,,,,,
CLORIDRATO DE PIRIDOXINA,,,,,,
POLICARBOFILA CALCICA,,,,,,
VALERATO DE BETAMETASONA,,,,,,
DICLOFENACO POTASSICO,,,,,,
DICLOFENACO DIETILAMONIO,,,,,,
DICLOFENACO RESINATO,,,,,,
OLMESARTANA MEDOXOMILA,,,,,,
OLMESARTANA MEDOXOMILA;BESILATO DE ANLODIPINO,,,,,,
BELIMUMABE,,,,,,
PARACETAMOL;CITRATO DE ORFENADRINA;CAFEINA,,,,,,
CLORIDRATO DE DICICLOVERINA,,,,,,
BENZILPENICILINA BENZATINA,,,,,,
CLORIDRATO DE CICLOBENZAPRINA,,,,,,
CLORIDRATO DE CICLOBENZAPRINA;CLONIXINATO DE LISINA,,,,,,
BENZOILMETRONIDAZOL,,,,,,
NISTATINA;CLORETO DE BENZALCONIO;BENZOILMETRONIDAZOL,,,,,,
BENZOCAINA,,,,,,
DEXPANTENOL,,,,,,
PENICILINA G BENZATINA,,,,,,
FATOR VIII DE COAGULAÇÃO,,,,,,
IMUNOGLOBULINA G,,,,,,
INIBIDOR DE C1 ESTERASE DERIVADO DE PLASMA HUMANO,,,,,,
TROMBINA;FIBRINOGENIO;FATOR XIII DE COAGULAÇÃO ;APROTININA,,,,,,
FATOR X DE COAGULAÇÃO ;FATOR VII DE COAGULAÇÃO ;FATOR IX DE COAGULAÇÃO;FATOR II DE COAGULAÇÃO,,,,,,
FOSFATO SODICO DE RIBOFLAVINA,,,,,,
BROMIDRATO DE FENOTEROL,,,,,,
BESILATO DE AMLODIPINA,,,,,,
LOSARTANA POTASSICA;BESILATO DE ANLODIPINO,,,,,,
BESILATO DE ATRACURIO,,,,,,
CLORIDRATO DE BESIFLOXACINO,,,,,,
MUCATO DE ISOMETEPTENO,,,,,,
INOTUZUMABE OZOGAMICINA,,,,,,
FOSFATO DISSODICO DE BETAMETASONA;ACETATO DE BETAMETASONA,,,,,,
CETOCONAZOL;BETAMETASONA,,,,,,
TARTARATO DE METOPROLOL,,,,,,
DICLORIDRATO DE BETAISTINA,,,,,,
BETAINTERFERONA 1B,,,,,,
CLORIDRATO DE LEVOBUNOLOL,,,,,,
BETAMETASONA,,,,,,
SULFATO DE GENTAMICINA;DIPROPIONATO DE BETAMETASONA,,,,,,
CLORIDRATO DE BETAXOLOL,,,,,,
NITRATO DE TIAMINA;CLORIDRATO DE PIRIDOXINA;CIANOCOBALAMINA,,,,,,
SULFATO DE NEOMICINA;DIPROPIONATO DE BETAMETASONA;CETOCONAZOL,,,,,,
DIPROPIONATO DE BETAMETASONA;CETOCONAZOL,,,,,,
VACINA ADSORVIDA MENINGOCOCICA B (RECOMBINANTE),,,,,,
PARECOXIBE SODICO,,,,,,
BEZAFIBRATO,,,,,,
MALEATO DE BRONFENIRAMINA;CLORIDRATO DE FENILEFRINA,,,,,,
DEXAMETASONA;CLORIDRATO DE CIPROFLOXACINO MONOIDRATADO,,,,,,
CLORIDRATO DE CIPROFLOXACINO,,,,,,
DEXAMETASONA;CLORIDRATO DE CIPROFLOXACINO,,,,,,
BICARBONATO DE SODIO,,,,,,
BICALUTAMIDA,,,,,,
4 %,VEndA LIvrE,,,,,
HIDROCLOROTIAZIDA;HEMIFUMARATO DE BISOPROLOL,,,,,,
BIMATOPROSTA,,,,,,
FUMARATO DE TENOFOVIR DESOPROXILA;ENTRICITABINA,,,,,,
VALERATO DE DIFLUCORTOLONA,,,,,,
NISTATINA;BENZOILMETRONIDAZOL;CLORETO DE BENZALCONICO,,,,,,
CLORETO DE BENZALCONICO,,,,,,
INFLIXIMABE,,,,,,
CITRATO DE ZINCO,,,,,,
OXALIPLATINA,,,,,,
DICLOFENACO DE SODIO,,,,,,
CITRATO DE ORFENADRINA,,,,,,
CLORIDRATO DE FENILEFRINA,,,,,,
CLORIDRATO DE SIBUTRAMINA,,,,,,
ALFATALIGLICERASE,,,,,,
SOMATROPINA,,,,,,
FATOR DE VON WILLEBRAND;FATOR VIII DE COAGULAÇÃO,,,,,,
ACIDO FOSFORICO;SULFATO FERROSO HEPTAIDRATADO,,,,,,
PrOdUtOs sEm sUbstAncIA EspEcIfIcA,,,,,,
ZIDOVUDINA;LAMIVUDINA,,,,,,
LAMOTRIGINA,,,,,,
BISACODIL,,,,,,
TARTARATO DE BISMUTO E SODIO;NEOMICINA;MENTOL;CLORIDRATO DE PROCAINA,,,,,,
CLORIDRATO DE PROCAINA,,,,,,
CLORIDRATO DE BROMEXINA,,,,,,
BROMIDRATO DE DEXTROMETORFANO,,,,,,
CARBONATO DE MAGNESIO;CARBONATO DE CALCIO;CARBONATO BASICO DE BISMUTO;BICARBONATO DE SODIO,,,,,,
CLORIDRATO DE NEBIVOLOL,,,,,,
BLINATUMOMABE,,,,,,
HEDERA HELIX (HERA),,,,,,
SULFATO DE BLEOMICINA,,,,,,
FOSFATO DE CALCIO TRIBASICO;COLECALCIFEROL,,,,,,
CLODRONATO DISSODICO,,,,,,
ACIDO IBANDRONICO;IBANDRONATO DE SODIO,,,,,,
IBANDRONATO DE SODIO MONOIDRATADO,,,,,,
BORTEZOMIBE,,,,,,
BOSENTANA,,,,,,
BOSENTANA MONOIDRATADA,,,,,,
TOXINA BOTULINICA A,,,,,,
CARBOPLATINA,,,,,,
TELMISARTANA,,,,,,
TELMISARTANA;HIDROCLOROTIAZIDA,,,,,,
TOBRAMICINA,,,,,,
UROFOLITROPINA,,,,,,
ACIDO FOLICO,TArjA VErmElhA,,,,,
CLORIDRATO DE EPIRRUBICINA,,,,,,
BROMOPRIDA,,,,,,
ETANERCEPTE,,,,,,
CLORIDRATO DE ESMOLOL,,,,,,
SULFATO DE TERBUTALINA,,,,,,
SUGAMADEX SODICO,,,,,,
TICAGRELOR,,,,,,
ALFACERLIPONASE,,,,,,
BROMIDRATO DE VORTIOXETINA,,,,,,
TARTARATO DE BRIMONIDINA;MALEATO DE TIMOLOL,,,,,,
BROMAZEPAM,,,,,,
BROMETO DE PINAVERIO,,,,,,
BROMETO DE PANCURONIO,,,,,,
BROMETO DE ROCURONIO,,,,,,
25 MG,TArjA VErmElhA,,,,,
BROMIDRATO DE CITALOPRAM,,,,,,
BROMIDRATO DE DARIFENACINA,,,,,,
TERPINEOL;MENTOL;EUCALIPTOL,,,,,,
LISADOS BACTERIANOS (STAPHYLOCOCCUS AUREUS,KLEBSIELLA PNEUMONIAE, BRANHAMELLA CATARRHALIS, HAEMOPHILUS INFLUENZAE),TAKEDA PHARMA LTDA.,BIOlOgIcOs,TArjA VErmElhA
SALBUTAMOL,,,,,,
SULFATO DE TERBUTALINA;GUAIFENESINA,,,,,,
CLORIDRATO DE BUCLIZINA,,,,,,
CLARITROMICINA,,,,,,
CLORIDRATO DE BUPIVACAINA,,,,,,
HEMITARTARATO DE EPINEFRINA;CLORIDRATO DE BUPIVACAINA,,,,,,
BUMETANIDA,,,,,,
PARACETAMOL;BUTILBROMETO DE ESCOPOLAMINA,,,,,,
BUSSULFANO,,,,,,
FENILBUTAZONA CALCICA,,,,,,
EXENATIDA,,,,,,
ACIDO ASCORBICO;COLECALCIFEROL;CLORIDRATO DE PIRIDOXINA;CARBONATO DE CALCIO,,,,,,
CABAZITAXEL,,,,,,
CABERGOLINA,,,,,,
CABERGOLINA,TArjA VErmElhA,,,,,
LEVOMALATO DE CABOZANTINIBE,,,,,,
BESILATO DE ANLODIPINO;ATORVASTATINA CALCICA,,,,,,
CANFORA;CLORIDRATO DE DIFENIDRAMINA;CALAMINA,,,,,,
FOSFATO DE CALCIO TRIBASICO;FLUORETO DE SODIO;ERGOCALCIFEROL;CLORETO DE CALCIO;CIANOCOBALAMINA,,,,,,
FOSFATO DE CALCIO TRIBASICO;FLUORETO DE SODIO,,,,,,
CALCITRIOL,,,,,,
COLECALCIFEROL;CARBONATO DE CALCIO,,,,,,
FOSFATO DE CALCIO TRIBASICO;FLUORETO DE SODIO;ERGOCALCIFEROL;CIANOCOBALAMINA,,,,,,
LACTOGLICONATO DE CALCIO;CARBONATO DE CALCIO,,,,,,
ACIDO ASCORBICO;LACTOGLICONATO DE CALCIO;CARBONATO DE CALCIO,,,,,,
DEFLAZACORTE,,,,,,
COLECALCIFEROL;CARBONATO DE CALCIO,TArjA VErmElhA,,,,,
POLIESTIRENOSSULFONATO DE CALCIO,,,,,,
ACALABRUTINIBE,,,,,,
CARBONATO DE CALCIO,,,,,,
CLORIDRATO DE CINACALCETE,,,,,,
OXIDO DE ZINCO;OXIDO DE MAGNESIO;SULFATO DE MANGANES MONOIDRATADO;SULFATO CUPRICO;COLECALCIFEROL;CARBONATO DE CALCIO,,,,,,
OXIDO DE ZINCO;OXIDO DE MAGNESIO;SULFATO DE MANGANES MONOIDRATADO;COLECALCIFEROL;CARBONATO DE CALCIO,,,,,,
NITRENDIPINO,,,,,,
CAMBENDAZOL,,,,,,
ACIDO ASCORBICO;COLECALCIFEROL,,,,,,
CLORIDRATO DE IRINOTECANO,,,,,,
METRONIDAZOL,,,,,,
CAPECITABINA,,,,,,
AMINAFTONA,,,,,,
VANDETANIBE,,,,,,
FINASTERIDA,,,,,,
CARBAMAZEPINA,,,,,,
LEVODOPA;CARBIDOPA,,,,,,
FENOBARBITAL SODICO,,,,,,
CARBOCISTEINA,,,,,,
CARBONATO DE LITIO,,,,,,
CARVEDILOL,,,,,,
DIGOXINA,,,,,,
CLORIDRATO DE DEXRAZOXANO,,,,,,
MESILATO DE DOXAZOSINA,,,,,,
SULFETO DE SELENIO,,,,,,
DICLOFENACO POTASSICO;DICLOFENACO DIETILAMONIO,,,,,,
NITROFURAL,,,,,,
ACIDO ASCORBICO;CARBONATO DE CALCIO,,,,,,
ACIDO ASCORBICO;GLICOSE,,,,,,
CELECOXIBE,,,,,,
CILOSTAZOL,,,,,,
CEFACLOR MONOIDRATADO,,,,,,
CEFADROXILA,,,,,,
CEFALEXINA MONOIDRATADA,,,,,,
CEFACLOR,,,,,,
CEFALEXINA,,,,,,
MUCATO DE ISOMETEPTENO;CAFEINA;DIPIRONA,,,,,,
PARACETAMOL;MESILATO DE DIIDROERGOTAMINA;CLORIDRATO DE METOCLOPRAMIDA;CAFEINA,,,,,,
ERGOTAMINA;CAFEINA;DIPIRONA,,,,,,
CEFALOTINA SODICA,,,,,,
CEFTAZIDIMA PENTAHIDRATADA,,,,,,
CEFAZOLINA SODICA,,,,,,
CEFOTAXIMA SODICA,,,,,,
CEFOXITINA SODICA,,,,,,
CEFTAZIDIMA SODICA,,,,,,
CEFTAZIDIMA,,,,,,
CEFTRIAXONA DISSODICA HEMIEPTAIDRATADA,,,,,,
CEFTRIAXONA,,,,,,
CEFUROXIMA SODICA,,,,,,
ACIDO MALICO;TRIPTOFANA;TREONINA;SERINA;PROLINA;LISINA;LEVOVALINA;LEVOMETIONINA;LEUCINA;ISOLEUCINA;HISTIDINA;GLICINA;FENILALANINA;ARGININA;ALANINA;ACETILCISTEINA,,,,,,
OLEO DE SOJA,,,,,,
MALEATO DE DEXCLORFENIRAMINA;DEXAMETASONA;BETAMETASONA,,,,,,
FOSFATO DISSODICO DE BETAMETASONA;BETAMETASONA,,,,,,
MICOFENOLATO DE MOFETILA,,,,,,
MARAVIROQUE,,,,,,
CLORIDRATO DE CEFEPIMA,,,,,,
ACIDO ASCORBICO;ASPARTATO DE ARGININA,,,,,,
ACIDO ASCORBICO;CITRATO DE SODIO,,,,,,
POLIVITAMINICOS COM MINERAIS,,,,,,
CLORETO DE CETILPIRIDINIO;BENZOCAINA,,,,,,
HEMITARTARATO DE ELIGLUSTATE,,,,,,
CLORIDRATO DE TERBINAFINA,,,,,,
IMIGLUCERASE,,,,,,
ACIDO FOLICO;ACIDO ASCORBICO;RIBOFLAVINA;PALMITATO DE RETINOL;NICOTINAMIDA;DEXTROALFATOCOFEROL;DEXPANTENOL;COLECALCIFEROL;COCARBOXILASE;CLORIDRATO DE PIRIDOXINA;CIANOCOBALAMINA;BIOTINA,,,,,,
TROLAMINA;HIDROXIQUINOLINA,,,,,,
VACINA PAPILOMAVIRUS HUMANO 16 E 18 (RECOMBINANTE),,,,,,
DICLORIDRATO DE CETIRIZINA,,,,,,
ACETATO DE CETRORRELIX,,,,,,
TARTARATO DE VARENICLINA,,,,,,
VALERATO DE ESTRADIOL;DIENOGESTE,,,,,,
CITRATO DE COLINA,,,,,,
GONADOTROPINA CORIONICA,,,,,,
CIPROFIBRATO,,,,,,
PIROXICAM BETACICLODEXTRINA,,,,,,
CLONIXINATO DE LISINA,,,,,,
CLORIDRATO DE CIPROFLOXACINO MONOIDRATADO,,,,,,
LEVONORGESTREL;ETINILESTRADIOL,,,,,,
CLORIDRATO DE CICLOPENTOLATO,,,,,,
TROPICAMIDA,,,,,,
CICLOPIROX OLAMINA,,,,,,
CICLOPIROX,,,,,,
VALERATO DE ESTRADIOL;LEVONORGESTREL,,,,,,
PREDNISONA,,,,,,
CICLOSPORINA,,,,,,
NITRATO DE MICONAZOL,,,,,,
CIPROFLOXACINO,,,,,,
NIMOTUZUMABE,,,,,,
PARACETAMOL;CLORIDRATO DE FENILEFRINA;MALEATO DE CLORFENAMINA,,,,,,
PARACETAMOL;MALEATO DE CLORFENIRAMINA;CLORIDRATO DE FENILEFRINA,,,,,,
CIMETIDINA,,,,,,
CERTOLIZUMABE PEGOL,,,,,,
CINARIZINA,,,,,,
CLORIDRATO DE TETRACICLINA,,,,,,
MONONITRATO DE ISOSSORBIDA,,,,,,
LACTATO DE BIPERIDENO,,,,,,
CLORIDRATO DE CIPROFLOXACINO;CIPROFLOXACINO,,,,,,
CISPLATINA,,,,,,
PRAZIQUANTEL,,,,,,
CITALOPRAM;BROMIDRATO DE CITALOPRAM,,,,,,
CLORIDRATO DE TIAMINA;CLORIDRATO DE PIRIDOXINA;CIANOCOBALAMINA,,,,,,
LOMUSTINA,,,,,,
CITRATO DE ORFENADRINA;CAFEINA;DIPIRONA MONOIDRATADA,,,,,,
CITRATO DE TAMOXIFENO,,,,,,
COLCHICINA,,,,,,
MALEATO DE FENIRAMINA;CLORIDRATO DE NAFAZOLINA,,,,,,
HIDROQUINONA,,,,,,
CLORIDRATO DE NAFAZOLINA,,,,,,
PIRENOXINA SODICA,,,,,,
ACIDO CLAVULANICO;CLAVULANATO DE POTASSIO;AMOXICILINA TRI-HIDRATADA,,,,,,
PERMETRINA,,,,,,
SULFATO DE SALBUTAMOL;DIPROPIONATO DE BECLOMETASONA,,,,,,
ENOXAPARINA SODICA,,,,,,
ACETATO DE NORETISTERONA,,,,,,
DIDROGESTERONA;ESTRADIOL HEMI-HIDRATADO,,,,,,
VALERATO DE ESTRADIOL,,,,,,
CLORIDRATO DE CLINDAMICINA,,,,,,
TIBOLONA,,,,,,
PEROXIDO DE BENZOILA;CLINDAMICINA,,,,,,
SINVASTATINA,,,,,,
OLEO DE SOJA;OLEO DE OLIVA,,,,,,
VALERATO DE BETAMETASONA;TOLNAFTATO;SULFATO DE GENTAMICINA;CLIOQUINOL,,,,,,
CLIOQUINOL;ACETATO DE HIDROCORTISONA,,,,,,
PROPIONATO DE CLOBETASOL,,,,,,
CITRATO DE CLOMIFENO,,,,,,
CLONAZEPAM,,,,,,
ZUCLOPENTIXOL,,,,,,
CLORIDRATO DE DOXICICLINA,,,,,,
CLORIDRATO DE TRAMADOL,,,,,,
CLORIDRATO DE VERAPAMIL,,,,,,
CLORIDRATO DE LIDOCAINA,,,,,,
HIDROCLOROTIAZIDA,,,,,,
CLORANFENICOL,,,,,,
CLORTALIDONA,,,,,,
CLORETO DE POTASSIO,,,,,,
CLORETO DE SODIO,,,,,,
ACIDO ACETICO;CLORETO DE SODIO;CLORETO DE POTASSIO;CLORETO DE MAGNESIO;CLORETO DE CALCIO;BICARBONATO DE SODIO,,,,,,
9%,TArjA PrEtA,,,,,
9% BASA,TArjA PrEtA,,,,,
CLORIDRATO DE SOTALOL,,,,,,
GLICOSE;CLORIDRATO DE BUPIVACAINA,,,,,,
CLORIDRATO DE CETAMINA,,,,,,
CICLOBENZAPRINA,,,,,,
CLORIDRATO DE CIPROFLOXACINO MONOIDRATADO;CIPROFLOXACINO,,,,,,
CLORIDRATO DE CIPROFLOXACINO MONOIDRATADO;CLORIDRATO DE CIPROFLOXACINO,,,,,,
CLORIDRATO DE CLOBUTINOL,,,,,,
SUCCINATO DE DOXILAMINA;CLORIDRATO DE CLOBUTINOL,,,,,,
CLORIDRATO DE DAUNORRUBICINA,,,,,,
CLORIDRATO DE DEXMEDETOMIDINA,,,,,,
CLORIDRATO DE DOBUTAMINA,,,,,,
CLORIDRATO DE DOPAMINA,,,,,,
CLORIDRATO DE DORZOLAMIDA,,,,,,
MALEATO DE TIMOLOL;CLORIDRATO DE DORZOLAMIDA,,,,,,
CLORIDRATO DE EPINASTINA,,,,,,
CLORIDRATO DE FENOXAZOLINA,,,,,,
CLORIDRATO DE FINGOLIMODE,,,,,,
CLORIDRATO DE FLUOXETINA,,,,,,
CLORIDRATO DE GENCITABINA,,,,,,
CLORIDRATO DE GRANISETRONA,,,,,,
CLORIDRATO DE HIDROXIZINA,,,,,,
HIDROXIZINA;DICLORIDRATO DE HIDROXIZINA;CLORIDRATO DE HIDROXIZINA,,,,,,
DICLORIDRATO DE HIDROXIZINA,,,,,,
CLORIDRATO DE IRINOTECANO TRIIDRATADO,,,,,,
CLORIDRATO DE LERCANIDIPINO,,,,,,
CLORIDRATO DE LINCOMICINA,,,,,,
CLORIDRATO DE LOPERAMIDA,,,,,,
LOPERAMIDA,,,,,,
CLORIDRATO DE MEBEVERINA,,,,,,
CLORIDRATO DE METFORMINA,,,,,,
GLIBENCLAMIDA;CLORIDRATO DE METFORMINA,,,,,,
CLORIDRATO DE METILFENIDATO,,,,,,
CLORIDRATO DE METOCLOPRAMIDA MONOIDRATADO,,,,,,
CLORIDRATO DE MINOCICLINA,,,,,,
MALEATO DE FENIRAMINA,,,,,,
CLORIDRATO DE NALBUFINA,,,,,,
CLORIDRATO DE NALOXONA,,,,,,
CLORIDRATO DE NARATRIPTANA,,,,,,
CLORIDRATO DE NORTRIPTILINA,,,,,,
CLORIDRATO DE OLOPATADINA,,,,,,
CLORIDRATO DE ONDANSETRONA,,,,,,
CLORIDRATO DE OXIBUTININA,,,,,,
CLORIDRATO DE OXICODONA,,,,,,
CLORIDRATO DE PALONOSETRONA,,,,,,
CLORIDRATO DE PAROXETINA;CLORIDRATO DE PAROXETINA HEMI-HIDRATADO,,,,,,
CLORIDRATO DE PAROXETINA HEMI-HIDRATADO,,,,,,
CLORIDRATO DE PETIDINA,,,,,,
CLORIDRATO DE PROMETAZINA,,,,,,
PROMETAZINA,,,,,,
CLORIDRATO DE PROPAFENONA,,,,,,
CLORIDRATO DE RALOXIFENO,,,,,,
CLORIDRATO DE REMIFENTANILA,,,,,,
CLORIDRATO DE ROPIVACAINA,,,,,,
CLORIDRATO DE SEVELAMER,,,,,,
CLORIDRATO DE SEVELAMER,TArjA VErmElhA,,,,,
CLORIDRATO DE SIBUTRAMINA MONOIDRATADO,,,,,,
CLORIDRATO DE TANSULOSINA,,,,,,
FOSFATO DE TETRACICLINA;ANFOTERICINA B,,,,,,
CLORIDRATO DE TETRACICLINA;ANFOTERICINA B,,,,,,
CLORIDRATO DE TICLOPIDINA,,,,,,
CLORIDRATO DE TIROFIBAN MONOIDRATADO,,,,,,
CLORIDRATO DE TIZANIDINA,,,,,,
CLORIDRATO DE TOPOTECANA,,,,,,
PARACETAMOL;CLORIDRATO DE TRAMADOL,,,,,,
CLORIDRATO DE TRAZODONA,,,,,,
CLORIDRATO DE VALACICLOVIR,,,,,,
CLORIDRATO DE VANCOMICINA,,,,,,
CLORIDRATO DE ZIPRASIDONA,,,,,,
CLORIDRATO DE ZIPRASIDONA MONOIDRATADO,,,,,,
CLOTRIMAZOL;ACETATO DE DEXAMETASONA,,,,,,
CLOXAZOLAM,,,,,,
CLOZAPINA,,,,,,
COBAMAMIDA;CLORIDRATO DE CIPROEPTADINA,,,,,,
FOSFATO DE CODEINA,,,,,,
FOSFATO DE CODEINA;DICLOFENACO SODICO,,,,,,
COLCHICINA BASE,,,,,,
SULFATO DE ZINCO;CLORIDRATO DE NAFAZOLINA,,,,,,
SULFATO DE ZINCO HEPTAIDRATADO,,,,,,
SULFATO DE ZINCO HEPTAIDRATADO;CLORIDRATO DE NAFAZOLINA,,,,,,
SULFATO DE ZINCO,,,,,,
COLISTIMETATO DE SODIO,,,,,,
NISTATINA;METRONIDAZOL,,,,,,
NISTATINA;METRONIDAZOL;LISOZIMA;CLORETO DE BENZALCONIO,,,,,,
TIOCOLCHICOSIDEO,,,,,,
TIAMINA;RIBOFLAVINA;NICOTINAMIDA;GLICINATO FERRICO;DEXPANTENOL;CIANOCOBALAMINA,,,,,,
RIBOFLAVINA;NITRATO DE TIAMINA;NICOTINAMIDA;GLICINATO FERRICO;DEXPANTENOL;CIANOCOBALAMINA,,,,,,
ACIDO FOLICO;RIBOFLAVINA;PANTOTENATO DE CALCIO;NITRATO DE TIAMINA;NICOTINAMIDA;FERROCARBONILA;CLORIDRATO DE PIRIDOXINA;CIANOCOBALAMINA,,,,,,
DUTASTERIDA;CLORIDRATO DE TANSULOSINA,,,,,,
DIAZEPAM,,,,,,
ENTACAPONA,,,,,,
HEMIFUMARATO DE BISOPROLOL,,,,,,
BISOPROLOL,,,,,,
HIDROCLOROTIAZIDA;BISOPROLOL,,,,,,
SULFATO POLICRISTALINO DE GLICOSAMINA;CONDROITINA SULFATO DE SODIO,,,,,,
HESPERIDINA;DIOSMINA,,,,,,
IOTALAMATO DE MEGLUMINA,,,,,,
ALANTOINA;HEPARINA SODICA SUINA,,,,,,
ACETATO DE GLATIRAMER,,,,,,
MALEATO DE ENALAPRIL;HIDROCLOROTIAZIDA,,,,,,
ACIDO ACETILSALICILICO;MALEATO DE DEXCLORFENIRAMINA;CLORIDRATO DE FENILEFRINA;CAFEINA,,,,,,
DICLORIDRATO DE TRIMETAZIDINA,,,,,,
FOSFATO DISSODICO DE DEXAMETASONA,,,,,,
DIPROPIONATO DE BETAMETASONA,,,,,,
HIDROCORTISONA,,,,,,
TIOCONAZOL,,,,,,
SECUQUINUMABE,,,,,,
HEMIFUMARATO DE COBIMETINIBE,,,,,,
VARFARINA SODICA,,,,,,
PERINDOPRIL;INDAPAMIDA,,,,,,
ACIDO ACETICO;CLORETO DE SODIO;CLORETO DE POTASSIO;CLORETO DE MAGNESIO HEXAIDRATADO;CLORETO DE CALCIO,,,,,,
CLORETO DE MAGNESIO HEXAIDRATADO,,,,,,
CLORETO DE SODIO;CLORETO DE POTASSIO;CLORETO DE MAGNESIO HEXAIDRATADO;CLORETO DE CALCIO DI-HIDRATADO,,,,,,
CLORETO DE SODIO;CLORETO DE POTASSIO;CLORETO DE MAGNESIO;CLORETO DE CALCIO,,,,,,
ACIDO ACETICO;CLORETO DE SODIO;CLORETO DE POTASSIO;CLORETO DE MAGNESIO HEXAIDRATADO;CLORETO DE CALCIO DI-HIDRATADO,,,,,,
GLICOSE;CLORETO DE SODIO;CLORETO DE POTASSIO;CLORETO DE MAGNESIO HEXAIDRATADO;CLORETO DE CALCIO DI-HIDRATADO,,,,,,
GLICOSE;CLORETO DE SODIO;CLORETO DE POTASSIO;CLORETO DE MAGNESIO;CLORETO DE CALCIO,,,,,,
4%,VEndA LIvrE,,,,,
GLICOSE;CLORETO DE SODIO;CLORETO DE POTASSIO;CLORETO DE MAGNESIO HEXAIDRATADO;CLORETO DE CALCIO,,,,,,
GLICOSE;CLORETO DE SODIO;BICARBONATO DE SODIO,,,,,,
CLORETO DE SODIO;BICARBONATO DE SODIO;GLICOSE ANIDRA,,,,,,
CLORETO DE SODIO;CLORETO DE POTASSIO;CLORETO DE MAGNESIO;CLORETO DE CALCIO;BICARBONATO DE SODIO,,,,,,
PANCREATINA,,,,,,
ROSUVASTATINA CALCICA,,,,,,
TINIDAZOL;MICONAZOL,,,,,,
PROGESTERONA,,,,,,
SULFATO DE INDINAVIR,,,,,,
CROMOGLICATO DISSODICO,,,,,,
HIDROXOCOBALAMINA,,,,,,
PICOSSULFATO DE SODIO,,,,,,
DAPTOMICINA,,,,,,
PENICILAMINA,,,,,,
ALFAPORACTANTO,,,,,,
OXIDO DE ZINCO;SUBGALATO DE BISMUTO,,,,,,
OXIDO DE ZINCO;SUBGALATO DE BISMUTO;IODETO DE TIMOL,,,,,,
IMUNOGLOBULINA HUMANA,,,,,,
IMUNOGLOBULINA HUMANA;HEPARINA SODICA BOVINA,,,,,,
CIPIONATO DE ESTRADIOL;ACETATO DE MEDROXIPROGESTERONA,,,,,,
GANCICLOVIR,,,,,,
GANCICLOVIR SODICO,,,,,,
RAMUCIRUMABE,,,,,,
METENAMINA;CLORIDRATO DE ACRIFLAVINA;CLORETO DE METILTIONINIO;ATROPA BELLADONNA,,,,,,
METENAMINA;CLORIDRATO DE ACRIFLAVINA;CLORETO DE METILTIONINIO;ATROPA BELLADONNA L.,,,,,,
HIALURONATO DE SODIO,,,,,,
SULFATO DE VINCRISTINA,,,,,,
DECITABINA,,,,,,
ACIDO ASCORBICO;HESPERIDINA;CLORIDRATO DE PIPERIDOLATO,,,,,,
DIOSMINA,,,,,,
PROPATILNITRATO,,,,,,
CALCIPOTRIOL,,,,,,
DACLATASVIR,,,,,,
MICONAZOL,,,,,,
CLORIDRATO DE CLINDAMICINA MONOIDRATADO,,,,,,
DARATUMUMABE,,,,,,
DICLORIDRATO DE FLURAZEPAM,,,,,,
OXIDO DE ZINCO;ACIDO FOLICO;ACIDO ASCORBICO;RIBOFLAVINA;NITRATO DE TIAMINA;FUMARATO FERROSO;COLECALCIFEROL;CLORIDRATO DE PIRIDOXINA;CIANOCOBALAMINA;BETACAROTENO;ACETATO DE RACEALFATOCOFEROL,,,,,,
OXIDO DE ZINCO;ACIDO FOLICO;ACIDO ASCORBICO;RIBOFLAVINA;NITRATO DE TIAMINA;FUMARATO FERROSO;COLECALCIFEROL;CLORIDRATO DE PIRIDOXINA;CIANOCOBALAMINA;CARBONATO DE CALCIO;BETACAROTENO;ACETATO DE RACEALFATOCOFEROL,,,,,,
FENITOINA,,,,,,
DANTROLENO SODICO,,,,,,
GLIBENCLAMIDA,,,,,,
INDAPAMIDA,,,,,,
PIRIMETAMINA,,,,,,
ROFLUMILASTE,,,,,,
OXIDO DE MAGNESIO;ACIDO ASCORBICO;SULFATO DE ZINCO MONOIDRATADO;SELENATO DE SODIO;RIBOFLAVINA;NITRATO DE TIAMINA;NICOTINAMIDA;IODETO DE POTASSIO;FUMARATO FERROSO;FRUTOSE;FOSFATO DE CALCIO DIBASICO DIIDRATADO;CLORIDRATO DE PIRIDOXINA;CIANOCOBALAMINA;ACETATO DE RETINOL;ACETATO DE RACEALFATOCOFEROL,,,,,,
SULFATO DE NEOMICINA;FOSFATO DISSODICO DE DEXAMETASONA;CLORIDRATO DE FENILEFRINA,,,,,,
SULFATO DE NEOMICINA;FOSFATO DISSODICO DE DEXAMETASONA,,,,,,
DECANOATO DE NANDROLONA,,,,,,
DECANOATO DE HALOPERIDOL,,,,,,
DECITABINA,GEnErIcO,VEndA LIvrE,,,,
SECNIDAZOL,,,,,,
DEFERASIROX,,,,,,
LEVOFLOXACINO HEMI-HIDRATADO;LEVOFLOXACINO HEMIIDRATADO,,,,,,
DELTAMETRINA,,,,,,
VACINA DENGUE 1,SANOFI-AVENTIS FARMACEUTICA LTDA,BIOlOgIcOs,TArjA VErmElhA,,,
DIVALPROATO DE SODIO,,,,,,
ACETATO DE METILPREDNISOLONA,,,,,,
CIPIONATO DE TESTOSTERONA,,,,,,
IMIPRAMINA;CLORIDRATO DE IMIPRAMINA,,,,,,
CLORETO DE DEQUALINIO;BENZOCAINA,,,,,,
PREDNICARBATO,,,,,,
SULFADIAZINA DE PRATA,,,,,,
CLORIDRATO DE AMOROLFINA,,,,,,
LIDOCAINA,,,,,,
ACIDO SALICILICO;DIPROPIONATO DE BETAMETASONA,,,,,,
FUROATO DE MOMETASONA,,,,,,
TIABENDAZOL;NEOMICINA,,,,,,
MESILATO DE DESFERROXAMINA,,,,,,
DESFLURANO,,,,,,
DESLANOSIDEO,,,,,,
ETINILESTRADIOL;DESOGESTREL,,,,,,
DIETILESTILBESTROL,,,,,,
TARTARATO DE TOLTERODINA,,,,,,
FOSFATO DISSODICO DE DEXAMETASONA;CLORIDRATO DE TIAMINA;CLORIDRATO DE PIRIDOXINA;CIANOCOBALAMINA,,,,,,
CLORIDRATO DE TIAMINA;CLORIDRATO DE PIRIDOXINA;CIANOCOBALAMINA;ACETATO DE DEXAMETASONA,,,,,,
DEXAMETASONA;ACETATO DE DEXAMETASONA,,,,,,
TIAMINA;PIRIDOXINA;CIANOCOBALAMINA;ACETATO DE DEXAMETASONA,,,,,,
DEXAMETASONA;CLORIDRATO DE TIAMINA;CLORIDRATO DE PIRIDOXINA;CIANOCOBALAMINA,,,,,,
CLORIDRATO DE TIAMINA;CLORIDRATO DE PIRIDOXINA;CIANOCOBALAMINA;FOSFATO DE DEXAMETASONA,,,,,,
CLORIDRATO DE TIAMINA;CLORIDRATO DE PROCAINA;CLORIDRATO DE PIRIDOXINA;CIANOCOBALAMINA;FOSFATO DE DEXAMETASONA,,,,,,
NITRATO DE TIAMINA;DEXAMETASONA;CLORIDRATO DE PIRIDOXINA;CIANOCOBALAMINA,,,,,,
FOSFATO DISSODICO DE DEXAMETASONA;CLORIDRATO DE HIDROXOCOBALAMINA;DIPIRONA,,,,,,
FOSFATO DISSODICO DE DEXAMETASONA;CLORIDRATO DE TIAMINA;CLORIDRATO DE PIRIDOXINA;CLORIDRATO DE LIDOCAINA;CIANOCOBALAMINA,,,,,,
FOSFATO DISSODICO DE BETAMETASONA,,,,,,
FERRIPOLIMALTOSE,,,,,,
DEXLANSOPRAZOL,,,,,,
DEXCLORFENIRAMINA;BETAMETASONA,,,,,,
CLORPROPAMIDA,,,,,,
LEVONORGESTREL,,,,,,
LACTATO DE SODIO;GLICOSE;CLORETO DE SODIO;CLORETO DE MAGNESIO HEXAIDRATADO;CLORETO DE CALCIO DI-HIDRATADO,,,,,,
LACTATO DE SODIO;CLORETO DE SODIO;CLORETO DE MAGNESIO HEXAIDRATADO;GLICOSE ANIDRA;CLORETO DE CALCIO DI-HIDRATADO,,,,,,
ACETAZOLAMIDA,,,,,,
LACTATO DE SODIO;GLICOSE MONOIDRATADA;CLORETO DE SODIO;CLORETO DE MAGNESIO HEXAIDRATADO;CLORETO DE CALCIO DI-HIDRATADO,,,,,,
DICLOFENACO COLESTIRAMINA,,,,,,
BETAISTINA;DICLORIDRATO DE BETAISTINA,,,,,,
DICLORIDRATO DE FLUNARIZINA,,,,,,
DICLORIDRATO DE LEVOCETIRIZINA,,,,,,
DICLORIDRATO DE PRAMIPEXOL MONOIDRATADO,,,,,,
CLORIDRATO DE DIFENIDRAMINA,,,,,,
FUROSEMIDA,,,,,,
MALEATO DE TRIMEBUTINA,,,,,,
PEPSINA;DIMETICONA;CLORIDRATO DE METOCLOPRAMIDA,,,,,,
ACIDO CITRICO;CARBONATO DE SODIO;BICARBONATO DE SODIO,,,,,,
SIMETICONA,,,,,,
DIMENIDRINATO,,,,,,
DIMENIDRINATO;CLORIDRATO DE PIRIDOXINA,,,,,,
MALEATO DE BRONFENIRAMINA;CLORIDRATO DE PSEUDOEFEDRINA,,,,,,
GUAIFENESINA,,,,,,
SIMETICONA;METILBROMETO DE HOMATROPINA,,,,,,
METILBROMETO DE HOMATROPINA;DIMETICONA,,,,,,
SULFATO DE MORFINA,,,,,,
SULFATO DE MORFINA PENTAIDRATADA,,,,,,
ACIDO BORICO;CLORETO DE BENZALCONIO,,,,,,
CLORIDRATO DE PROMETAZINA;CLORIDRATO DE ADIFENINA;DIPIRONA,,,,,,
CLORIDRATO DE ISOMETEPTENO;CAFEINA;DIPIRONA,,,,,,
CAFEINA;DIPIRONA MONOIDRATADA,,,,,,
PROPOFOL,,,,,,
ACIDO ACETILSALICILICO;DIPROPIONATO DE BETAMETASONA,,,,,,
CLORTALIDONA;CLORIDRATO DE AMILORIDA,,,,,,
ETINILESTRADIOL;DROSPIRENONA,,,,,,
PANTOPRAZOL MAGNESICO DI-HIDRATADO;PANTOPRAZOL SODICO SESQUI-HIIDRATADO,,,,,,
HIDROXIBENZOATO DE VIMINOL,,,,,,
DOBESILATO DE CALCIO,,,,,,
DOCETAXEL,,,,,,
DOCETAXEL TRIIDRATADO,,,,,,
SULPIRIDA,,,,,,
SULFATO DE MORFINA PENTAIDRATADA;SULFATO DE MORFINA,,,,,,
DOMPERIDONA,,,,,,
CLORIDRATO DE MEMANTINA;CLORIDRATO DE DONEPEZILA,,,,,,
CITRATO DE CAFEINA,,,,,,
ACIDO ACETILSALICILICO;PARACETAMOL;CAFEINA,,,,,,
PARACETAMOL;CARISOPRODOL;CAFEINA,,,,,,
CLORIDRATO DE PROMETAZINA;CLORIDRATO DE ADIFENINA;DIPIRONA MONOIDRATADA,,,,,,
MALEATO DE MIDAZOLAM,,,,,,
CLORIDRATO DE MIDAZOLAM,,,,,,
MIDAZOLAM,,,,,,
DOCETAXEL,SImIlAr,TArjA VErmElhA,,,,
ACIDO GADOTERICO,,,,,,
DOXICICLINA MONOIDRATADA,,,,,,
GLICOSE;FRUTOSE;DIMENIDRINATO;CLORIDRATO DE PIRIDOXINA,,,,,,
FLUDROXICORTIDA;CLIOQUINOL,,,,,,
FLUDROXICORTIDA,,,,,,
SULFATO DE NEOMICINA;FLUDROXICORTIDA,,,,,,
MALEATO DE CLORFENIRAMINA;CAFEINA;DIPIRONA,,,,,,
DROPERIDOL,,,,,,
HIDROXIZINA,,,,,,
OXETACAINA;HIDROXIDO DE MAGNESIO;HIDROXIDO DE ALUMINIO,,,,,,
ACIDO FOLICO;ACETATO DE DEXTROALFATOCOFEROL,,,,,,
ESTROGENIOS CONJUGADOS;ACETATO DE BAZEDOXIFENO,,,,,,
ETODOLACO,,,,,,
FOSFATO DISSODICO DE DEXAMETASONA;ACETATO DE DEXAMETASONA,,,,,,
ACIDO SALICILICO;ACIDO LACTICO,,,,,,
MESILATO DE DOXAZOSINA;FINASTERIDA,,,,,,
GLICOSE MONOIDRATADA;CLORETO DE SODIO;CLORETO DE POTASSIO;CLORETO DE MAGNESIO HEXAIDRATADO;BICARBONATO DE SODIO;CLORETO DE CALCIO DI-HIDRATADO,,,,,,
GLICOSE MONOIDRATADA;CLORETO DE SODIO;CLORETO DE MAGNESIO HEXAIDRATADO;BICARBONATO DE SODIO;CLORETO DE CALCIO DI-HIDRATADO,,,,,,
TRAVOPROSTA;MALEATO DE TIMOLOL,,,,,,
BROMIDRATO DE FENOTEROL;BROMETO DE IPRATROPIO,,,,,,
LACTULOSE,,,,,,
DIDROGESTERONA,,,,,,
DUPILUMABE,,,,,,
LAMIVUDINA;FUMARATO DE TENOFOVIR DESOPROXILA,,,,,,
PROPIONATO DE TESTOSTERONA;ISOCAPROATO DE TESTOSTERONA;FEMPROPIONATO DE TESTOSTERONA;DECANOATO DE TESTOSTERONA,,,,,,
FENTANILA,,,,,,
PROPIONATO DE FLUTICASONA;CLORIDRATO DE AZELASTINA,,,,,,
BENZOATO DE SODIO,,,,,,
EBASTINA,,,,,,
EBASTINA;CLORIDRATO DE PSEUDOEFEDRINA,,,,,,
PITAVASTATINA CALCICA,,,,,,
MEMANTINA,,,,,,
RAMIPRIL,,,,,,
RAMIPRIL;HIDROCLOROTIAZIDA,,,,,,
CARBOXIMETILCELULOSE SODICA,,,,,,
AZILSARTANA MEDOXOMILA POTASSICA,,,,,,
CLORTALIDONA;AZILSARTANA MEDOXOMILA POTASSICA,,,,,,
EFAVIRENZ,,,,,,
SULFATO DE EFEDRINA,,,,,,
CLORIDRATO DE PRASUGREL,,,,,,
HEMITARTARATO DE EPINEFRINA,,,,,,
FLUORURACILA,,,,,,
LEVODOPA;CLORIDRATO DE BENSERAZIDA,,,,,,
IDURSULFASE,,,,,,
PIMECROLIMO,,,,,,
ACETATO DE LEUPRORRELINA,,,,,,
APIXABANA,,,,,,
ALFAEFMOROCTOCOGUE,,,,,,
TIPRANAVIR,,,,,,
ALFACORIFOLITROPINA,,,,,,
SULFATO DE NEOMICINA;FLUOCINOLONA ACETONIDA,,,,,,
FLUOCINOLONA ACETONIDA,,,,,,
OMEPRAZOL,,,,,,
ALFAEFTRENONACOGUE,,,,,,
APREPITANTO,,,,,,
FOSAPREPITANTO DIMEGLUMINA,,,,,,
FUMARATO DE CLEMASTINA;DEXAMETASONA,,,,,,
FUMARATO DE CLEMASTINA;ACETATO DE DEXAMETASONA,,,,,,
PRILOCAINA;LIDOCAINA,,,,,,
TIMOL;SALICILATO DE METILA;MENTOL;CANFORA,,,,,,
ELOTUZUMABE,,,,,,
SUCCINATO DE METOPROLOL,,,,,,
SULFATO DE PSEUDOEFEDRINA;MALEATO DE DEXCLORFENIRAMINA;GUAIFENESINA,,,,,,
PARACETAMOL;CLORIDRATO DE PSEUDOEFEDRINA,,,,,,
FOSFATO SODICO DE PREDNISOLONA,,,,,,
PALMITATO DE RETINOL;HIPOFOSFITO DE SODIO;COLECALCIFEROL,,,,,,
OLEO DE SOJA;OLEO DE FIGADO DE BACALHAU;PALMITATO DE RETINOL;HIPOFOSFITO DE SODIO;FOSFATO DE SODIO MONOBASICO;FOSFATO DE CALCIO DIBASICO;COLECALCIFEROL,,,,,,
VALERATO DE ESTRADIOL;ENANTATO DE NORETISTERONA,,,,,,
ETANERCEPTE (TNFR:FC),,,,,,
ARGIPRESSINA,,,,,,
IMUNOGLOBULINAS;IMUNOGLOBULINA G,,,,,,
FOSFATO DE SODIO MONOBASICO MONOIDRATADO;FOSFATO DE SODIO DIBASICO HEPTAIDRATADO,,,,,,
FOSFATO DE SODIO MONOBASICO MONOHIDRATADO;FOSFATO DE SODIO DIBASICO HEPTAHIDRATADO,,,,,,
LAURILSULFATO DE SODIO,,,,,,
ENFLURANO,,,,,,
ACIDO FOLICO;ACIDO ASCORBICO,,,,,,
VACINA HEPATITE B (RECOMBINANTE),,,,,,
ACIDO ACETILSALICILICO;MALEATO DE MEPIRAMINA;HIDROXIDO DE ALUMINIO;CAFEINA,,,,,,
ENTECAVIR MONOIDRATADO,,,,,,
METIONINA (11 C);CITRATO DE COLINA,,,,,,
BUDESONIDA MICRONIZADA,,,,,,
VALSARTANA;SACUBITRIL,,,,,,
VEDOLIZUMABE,,,,,,
MESILATO DE DIIDROERGOTAMINA;CAFEINA;DIPIRONA,,,,,,
LEVOMETIONINA;CITRATO DE COLINA;BETAINA,,,,,,
VELPATASVIR;SOFOSBUVIR,,,,,,
PEROXIDO DE BENZOILA;ADAPALENO,,,,,,
LEVOMETIONINA;CLORANFENICOL;ACETATO DE RETINOL,,,,,,
LAMIVUDINA,,,,,,
RACEMETIONINA;CITRATO DE COLINA;BETAINA,,,,,,
TETAEPOETINA,,,,,,
ETOPOSIDEO,,,,,,
FULVESTRANTO,,,,,,
CETUXIMABE,,,,,,
MALEATO DE METILERGOMETRINA,,,,,,
MALEATO DE ERGOMETRINA,,,,,,
ESTOLATO DE ERITROMICINA,,,,,,
ERITROMICINA,,,,,,
VISMODEGIBE,,,,,,
APALUTAMIDA,,,,,,
ERTAPENEM SODICO,,,,,,
PIRFENIDONA,,,,,,
PALMITATO DE RETINOL;CLORIDRATO DE PIRIDOXINA;ACETATO DE DEXTROALFATOCOFEROL,,,,,,
ESOMEPRAZOL SODICO,,,,,,
ESOMEPRAZOL MAGNESICO,,,,,,
FITOMENADIONA,,,,,,
ESOMEPRAZOL;CLARITROMICINA;AMOXICILINA TRI-HIDRATADA,,,,,,
ESOMEPRAZOL MAGNESICO TRI-HIDRATADO,,,,,,
DESOXIMETASONA,,,,,,
SULFATO DE NEOMICINA;DESOXIMETASONA,,,,,,
RISPERIDONA,,,,,,
ESTRADIOL;ACETATO DE NORETISTERONA,,,,,,
LISADOS BACTERIANOS (STAPHYLOCOCCUS AUREUS,KLEBSIELLA PNEUMONIAE, BRANHAMELLA CATARRHALIS, HAEMOPHILUS INFLUENZAE),DAIICHI SANKYO BRASIL FARMACEUTICA LTDA,BIOlOgIcOs,TArjA VErmElhA
ITRACONAZOL,,,,,,
CARBONATO DE SODIO;BICARBONATO DE SODIO,,,,,,
HIDROXIDO DE MAGNESIO;HIDROXIDO DE ALUMINIO;CARBONATO DE CALCIO,,,,,,
ESTRADIOL HEMI-HIDRATADO,,,,,,
ESTRIOL,,,,,,
ESTRIOL;ESTRADIOL,,,,,,
ACETATO DE RACEALFATOCOFEROL,,,,,,
OLEATO DE MONOETANOLAMINA,,,,,,
METILDOPA SESQUIIDRATADA,,,,,,
CLORIDRATO DE ETILEFRINA,,,,,,
LEVETIRACETAM,,,,,,
TRIFOSFATO DISSODICO DE URIDINA;FOSFATO DISSODICO DE CITIDINA;ACETATO DE HIDROXOCOBALAMINA,,,,,,
URIDINA;CITIDINA;ACETATO DE HIDROXOCOBALAMINA,,,,,,
ETOMIDATO,,,,,,
ETOSSUXIMIDA,,,,,,
LEVOTIROXINA SODICA,,,,,,
GLICOSE;CLORETO DE SODIO;CLORETO DE POTASSIO,,,,,,
TROMBINA;FIBRINOGENIO;CLORETO DE CALCIO,,,,,,
FOSFATO DE FLUDARABINA,,,,,,
IFOSFAMIDA,,,,,,
CLORIDRATO DE IDARRUBICINA,,,,,,
CLORIDRATO DE MITOXANTRONA,,,,,,
ETOPOSIDO,,,,,,
HEMITARTARATO DE VINORELBINA,,,,,,
CLORIDRATO DE IRINOTECANO TRIIDRATADO;CLORIDRATO DE IRINOTECANO,,,,,,
NORELGESTROMINA;ETINILESTRADIOL,,,,,,
MEBENDAZOL;CAMBENDAZOL,,,,,,
HEMITARTARATO DE RIVASTIGMINA,,,,,,
RIVASTIGMINA,,,,,,
VALSARTANA;HIDROCLOROTIAZIDA;BESILATO DE ANLODIPINO,,,,,,
PIRACETAM;CINARIZINA,,,,,,
LINESTRENOL,,,,,,
FLUCONAZOL,,,,,,
IODETO DE POTASSIO;GUAIFENESINA;CLORIDRATO DE OXOMEMAZINA;BENZOATO DE SODIO,,,,,,
LISADOS BACTERIANOS (STAPHYLOCOCCUS AUREUS,KLEBSIELLA PNEUMONIAE, BRANHAMELLA CATARRHALIS, HAEMOPHILUS INFLUENZAE),LABORATORIO DE EXTRATOS ALERGENICOS LTDA,SImIlAr,TArjA VErmElhA
LACTATO DE SODIO;ICODEXTRINA;CLORETO DE SODIO;CLORETO DE MAGNESIO HEXAIDRATADO;CLORETO DE CALCIO DI-HIDRATADO,,,,,,
AFLIBERCEPTE,,,,,,
EZETIMIBA,,,,,,
SINVASTATINA;EZETIMIBA,,,,,,
BETA-AGALSIDASE,,,,,,
GEMIFLOXACINO,,,,,,
TECLOZANA,,,,,,
FAMOTIDINA,,,,,,
FAMPRIDINA,,,,,,
FANCICLOVIR,,,,,,
CLORETO DE SODIO;CLORETO DE POTASSIO;CLORETO DE CALCIO,,,,,,
5 MEQ/L,VEndA LIvrE,,,,,
GLICOSE ANIDRA,,,,,,
ETIONAMIDA,,,,,,
ISONIAZIDA,,,,,,
NEVIRAPINA,,,,,,
DIFOSFATO DE CLOROQUINA,,,,,,
RIFAMPICINA;ISONIAZIDA,,,,,,
FOSFATO DE OSELTAMIVIR,,,,,,
ZIDOVUDINA,,,,,,
ACIDO ACETICO;GLICOSE;CLORETO DE SODIO;CLORETO DE POTASSIO;CLORETO DE MAGNESIO;CLORETO DE CALCIO,,,,,,
BENRALIZUMABE,,,,,,
CITRATO DE SUFENTANILA,,,,,,
RASBURICASE,,,,,,
FATOR IX DE COAGULAÇÃO,,,,,,
SULFATO DE VIMBLASTINA,,,,,,
FOLINATO DE CALCIO,,,,,,
METOTREXATO,,,,,,
PAMIDRONATO DISSODICO,,,,,,
COMPLEXO PROTROMBINICO HUMANO LIOFILIZADO,,,,,,
FERRO AMINOACIDO QUELATO,,,,,,
LETROZOL,,,,,,
ACETATO DE MEGESTROL,,,,,,
OXIDO DE ZINCO;OXIDO DE MAGNESIO;ACIDO FOLICO;ACIDO ASCORBICO;OXIDO DE COBRE;SULFATO DE MANGANES;RIBOFLAVINA;PANTOTENATO DE CALCIO;NITRATO DE TIAMINA;NICOTINAMIDA;IODETO DE POTASSIO;FUMARATO FERROSO;ESTEARATO DE MAGNESIO;COLECALCIFEROL;CLORIDRATO DE PIRIDOXINA;CIANOCOBALAMINA;CARBONATO DE CALCIO;BIOTINA;ACETATO DE RETINOL;ACETATO DE RACEALFATOCOFEROL;CLORETO DE CROMO,,,,,,
OXIDO DE ZINCO;OXIDO DE MAGNESIO;ACIDO FOLICO;ACIDO ASCORBICO;OXIDO DE COBRE;SULFATO DE MANGANES;RIBOFLAVINA;PANTOTENATO DE CALCIO;NICOTINAMIDA;IODETO DE POTASSIO;FUMARATO FERROSO;FLUORETO DE SODIO;COLECALCIFEROL;CLORIDRATO DE PIRIDOXINA;CIANOCOBALAMINA;CARBONATO DE CALCIO;BIOTINA;ACETATO DE RETINOL;ACETATO DE RACEALFATOCOFEROL;MONONITRATO DE TIAMINA;CLORETO DE CROMO,,,,,,
ESTRADIOL,,,,,,
NITRATO DE BUTOCONAZOL,,,,,,
SULFOGUAIACOL;CLORIDRATO DE PROMETAZINA,,,,,,
DEXAMETASONA;CLORIDRATO DE TETRIZOLINA;CLORANFENICOL,,,,,,
FENITOINA SODICA,,,,,,
FENOFIBRATO,,,,,,
FENOXIMETILPENICILINA POTASSICA;FENOXIMETILPENICILINA,,,,,,
NITRATO DE FENTICONAZOL,,,,,,
CARBOXIMALTOSE FERRICA,,,,,,
GLICINATO FERRICO,,,,,,
BISGLICINATO FERROSO,,,,,,
ACIDO FOLICO;BISGLICINATO FERROSO,,,,,,
DEFERIPRONA,,,,,,
SACARATO DE HIDROXIDO FERRICO,,,,,,
SULFATO FERROSO,,,,,,
INSULINA ASPARTE,,,,,,
PLANTAGO OVATA PHIL.,,,,,,
FIBRINOLISINA;DESOXIRRIBONUCLEASE;CLORANFENICOL,,,,,,
FATOR XIII DE COAGULAÇÃO,,,,,,
FILGRASTIM,,,,,,
HIPROMELOSE,,,,,,
ACETATO DE ICATIBANTO,,,,,,
ACETATO DE DEGARELIX,,,,,,
METRONIDAZOL;BENZOILMETRONIDAZOL,,,,,,
NAPROXENO SODICO,,,,,,
IMUNOGLOBULINA HUMANA NORMAL,,,,,,
POLISSULFATO DE MUCOPOLISSACARIDEO,,,,,,
FOSFATO DE SODIO MONOBASICO;FOSFATO DE SODIO DIBASICO,,,,,,
EXTRATO DE SYMPHYTUM OFFICINALE,,,,,,
PROPIONATO DE FLUTICASONA,,,,,,
OFLOXACINO,,,,,,
SACCHAROMYCES BOULARDII,,,,,,
GLICOSE;CLORETO DE SODIO;CITRATO DE POTASSIO MONOIDRATADO;CITRATO DE SODIO DIHIDRATADO,,,,,,
GLICOSE;CLORETO DE SODIO;CITRATO DE SODIO;CITRATO DE POTASSIO,,,,,,
ACETATO DE FLUORMETOLONA,,,,,,
SACCHAROMYCES BOULARDII - 17;SACCHAROMYCES BOULARDII,,,,,,
SACCHAROMYCES BOULARDII - 17,,,,,,
ACETATO DE FLUDROCORTISONA,,,,,,
TROMBINA;GELATINA,,,,,,
VACINA INFLUENZA TETRAVALENTE (FRAGMENTADA,TArjA VErmElhA,,,,,
DICLORIDRATO DE FLUFENAZINA,,,,,,
ENANTATO DE FLUFENAZINA,,,,,,
FUMARATO DE FORMOTEROL,,,,,,
FLUMAZENIL,,,,,,
FLUORMETOLONA,,,,,,
SULFATO DE POLIMIXINA B;SULFATO DE NEOMICINA;FLUOCINOLONA ACETONIDA;CLORIDRATO DE LIDOCAINA,,,,,,
TRETINOINA;HIDROQUINONA;FLUOCINOLONA ACETONIDA,,,,,,
CEPA INFLUENZA TIPO A (H3N2);CEPA INFLUENZA TIPO A (H1N1);CEPA INFLUENZA TIPO B (YAMAGATA);CEPA INFLUENZA TIPO B (VICTORIA);CEPA INFLUENZA TIPO B,,,,,,
FLUTAMIDA,,,,,,
TIABENDAZOL,,,,,,
ACIDO FOLICO;FERRO AMINOACIDO QUELATO,,,,,,
FUMARATO DE FORMOTEROL DI-HIDRATADO,,,,,,
TRIPTOFANA;GLUTAMINA;FOSFATO DE LEVOTREONINA;DEXFOSFOSSERINA;CLORIDRATO DE HIDROXOCOBALAMINA;CLORIDRATO DE ARGININA,,,,,,
TERIPARATIDA,,,,,,
DAPAGLIFLOZINA,,,,,,
COLECALCIFEROL;ALENDRONATO DE SODIO TRI-HIDRATADO,,,,,,
FOSFATO DE POTASSIO DIBASICO,,,,,,
FOSFATO DE POTASSIO MONOBASICO;FOSFATO DE POTASSIO DIBASICO,,,,,,
FUMARATO DE FORMOTEROL DI-HIDRATADO;DIPROPIONATO DE BECLOMETASONA,,,,,,
FUMARATO DE FORMOTEROL;DIPROPIONATO DE BECLOMETASONA,,,,,,
0 MEQ/L 1:44,VEndA LIvrE,,,,,
DALTEPARINA SODICA,,,,,,
TEOFILINA;SULFATO DE EFEDRINA,,,,,,
ALCOOL POLIVINILICO;CLORIDRATO DE FENILEFRINA,,,,,,
CLOBAZAM,,,,,,
SALICILATO DE METILA;MENTOL;CANFORA;ESSENCIA DE TEREBENTINA,,,,,,
FRUTOSE,,,,,,
ACIDO ASCORBICO;RIBOFLAVINA;PALMITATO DE RETINOL;NICOTINAMIDA;DEXPANTENOL;COLECALCIFEROL;CLORIDRATO DE PIRIDOXINA;ACETATO DE RACEALFATOCOFEROL,,,,,,
ACIDO ASCORBICO;PALMITATO DE RETINOL;NICOTINAMIDA;FOSFATO SODICO DE RIBOFLAVINA;DEXPANTENOL;COLECALCIFEROL;CLORIDRATO DE PIRIDOXINA;ACETATO DE RACEALFATOCOFEROL,,,,,,
GRISEOFULVINA,,,,,,
FUMARATO DE TENOFOVIR DESOPROXILA,,,,,,
TALIDOMIDA,,,,,,
TETRACICLINA;ANFOTERICINA B,,,,,,
DICLORIDRATO DE ETAMBUTOL,,,,,,
SULFADIAZINA,,,,,,
AZATIOPRINA,,,,,,
BENZILPENICILINA PROCAINA;BENZILPENICILINA POTASSICA,,,,,,
DAPSONA,,,,,,
SULFATO DE ESTREPTOMICINA,,,,,,
HALOPERIDOL,,,,,,
PIRAZINAMIDA,,,,,,
RIFAMPICINA,,,,,,
ENFUVIRTIDA,,,,,,
PERAMPANEL,,,,,,
CLORIDRATO DE LISINA,,,,,,
ACIDO GAMAMINOBUTIRICO;PANTOTENATO DE CALCIO;CLORIDRATO DE TIAMINA;CLORIDRATO DE PIRIDOXINA;CLORIDRATO DE LISINA,,,,,,
GABAPENTINA,,,,,,
GADOBUTROL,,,,,,
SALIX ALBA L.,,,,,,
VILDAGLIPTINA,,,,,,
VILDAGLIPTINA;CLORIDRATO DE METFORMINA,,,,,,
IMUNOGLOBULINA ANTI-D,,,,,,
IMUNOGLOBULINA HUMANA ANTI-HEPATITE B,,,,,,
IMUNOGLOBULINA ANTITETANICA,,,,,,
IMUNOGLOBULINA HUMANA ,,,,,,
ACIDO GAMAMINOBUTIRICO,,,,,,
MALEATO DE TIMOLOL;BIMATOPROSTA,,,,,,
SULFATO DE GENTAMICINA,,,,,,
SULFATO DE GENTAMICINA;FOSFATO DISSODICO DE BETAMETASONA,,,,,,
VACINA PAPILOMAVIRUS HUMANO 6,BIOlOgIcOs,TArjA VErmElhA,,,,
PARTICULA SEMELHANTE A VIRUS DE PROTEINA L1 DO HPV DO TIPO 6;PARTICULA SEMELHANTE A VIRUS DE PROTEINA L1 DO HPV DO TIPO 18;PARTICULA SEMELHANTE A VIRUS DE PROTEINA L1 DO HPV DO TIPO 16;PARTICULA SEMELHANTE A VIRUS DE PROTEINA L1 DO HPV DO TIPO 11;PARTICULA SEMELHANTE A VIRUS DE PROTEINA L1 DO HPV DO TIPO 58;PARTICULA SEMELHANTE A VIRUS DE PROTEINA L1 DO HPV DO TIPO 52;PARTICULA SEMELHANTE A VIRUS DE PROTEINA L1 DO HPV DO TIPO 45;PARTICULA SEMELHANTE A VIRUS DE PROTEINA L1 DO HPV DO TIPO 33;PARTICULA SEMELHANTE A VIRUS DE PROTEINA L1 DO HPV DO TIPO 31,,,,,,
HIDROXIDO DE MAGNESIO;HIDROXIDO DE ALUMINIO;DIMETICONA,,,,,,
SIMETICONA;HIDROXIDO DE MAGNESIO;HIDROXIDO DE ALUMINIO,,,,,,
SIMETICONA;HIDROXIDO DE MAGNESIO;HIDROXIDO DE ALUMINIO;GEL DE HIDROXIDO DE ALUMINIO,,,,,,
HIDROXIDO DE MAGNESIO;HIDROXIDO DE ALUMINIO,,,,,,
CARBONATO DE CALCIO;BICARBONATO DE SODIO;ALGINATO DE SODIO,,,,,,
HIDROXIDO DE ALUMINIO;CARBONATO DE MAGNESIO,,,,,,
PANTOPRAZOL SODICO SESQUI-HIDRATADO,,,,,,
OBINUTUZUMABE,,,,,,
SUCCINILGELATINA,,,,,,
HIDROXIDO DE ALUMINIO,,,,,,
SALICILATO DE METILA;CANFORA,,,,,,
SALICILATO DE METILA,,,,,,
GENFIBROZILA,,,,,,
CICLOFOSFAMIDA MONOIDRATADA,,,,,,
ZIPRASIDONA,,,,,,
ACIDO FOLICO;ACIDO ASCORBICO;SELENATO DE SODIO;RIBOFLAVINA;PANTOTENATO DE CALCIO;NITRATO DE TIAMINA;NICOTINAMIDA;INOSITOL;FUMARATO FERROSO;CIANOCOBALAMINA;BIOTINA;BETACAROTENO;ADENOSINA;ACETATO DE RETINOL;ACETATO DE RACEALFATOCOFEROL;PANAX GINSENG C.A. MEY.,,,,,,
ACIDO ASCORBICO;SULFATO DE POTASSIO;SULFATO DE MANGANES;SULFATO DE MAGNESIO;RIBOFLAVINA;RETINOL;PANTOTENATO DE CALCIO;NICOTINAMIDA;IODETO DE POTASSIO;FLUORETO DE SODIO;COLECALCIFEROL;CLORIDRATO DE PIRIDOXINA;CIANOCOBALAMINA;BIOTINA;ACETATO DE DEXTROALFATOCOFEROL,,,,,,
OXIDO CUPRICO;ACIDO FOLICO;ACIDO ASCORBICO;SULFATO DE ZINCO MONOIDRATADO;RIBOFLAVINA;PANTOTENATO DE CALCIO;NITRATO DE TIAMINA;NICOTINAMIDA;CLORIDRATO DE PIRIDOXINA;CIANOCOBALAMINA;ACETATO DE RACEALFATOCOFEROL,,,,,,
ACIDO ASCORBICO;SULFATO FERROSO;SULFATO DE POTASSIO;SULFATO DE MANGANES;SULFATO DE MAGNESIO;RUTOSIDEO;RIBOFLAVINA;PANTENOL;PALMITATO DE RETINOL;NITRATO DE TIAMINA;NICOTINAMIDA;IODETO DE POTASSIO;FOSFATO DE CALCIO DIBASICO;FLUORETO DE SODIO;COLECALCIFEROL;CLORIDRATO DE PIRIDOXINA;CIANOCOBALAMINA;BIOTINA;ACETATO DE RACEALFATOCOFEROL;PANAX GINSENG C.A. MEY.,,,,,,
FURAZOLIDONA,,,,,,
TERCONAZOL,,,,,,
TINIDAZOL;SULFATO DE POLIMIXINA B;SULFATO DE NEOMICINA;NISTATINA,,,,,,
NITRATO DE ISOCONAZOL,,,,,,
ACIDO ASCORBICO;TROXERRUTINA;SULFATO DE NEOMICINA;BENZOCAINA;ACETATO DE HIDROCORTISONA,,,,,,
GINKGO BILOBA L.,,,,,,
COLAGENASE;CLORANFENICOL,,,,,,
DIMALEATO DE AFATINIBE,,,,,,
MALEATO DE TIMOLOL,,,,,,
5%,TArjA VErmElhA,,,,,
GLICONATO DE CALCIO,,,,,,
GLICOSE;GLICOSE ANIDRA,,,,,,
GLICOSE MONOIDRATADA;CLORETO DE SODIO,,,,,,
GLICOSE;CLORETO DE SODIO,,,,,,
9%,TArjA VErmElhA,,,,,
GLICOSE MONOIDRATADA,,,,,,
MESILATO DE IMATINIBE,,,,,,
LINAGLIPTINA,,,,,,
TIANFENICOL,,,,,,
GLICLAZIDA;CLORIDRATO DE METFORMINA,,,,,,
GLUCAGON,,,,,,
ANTIMONIATO DE MEGLUMINA,,,,,,
GLICEROFOSFATO DE SODIO,,,,,,
ACETATO DE TERLIPRESSINA,,,,,,
ACIDO GLICOLICO;HIDROQUINONA,,,,,,
TRIBENOSIDEO,,,,,,
EMPAGLIFLOZINA;LINAGLIPTINA,,,,,,
ALFAFOLITROPINA,,,,,,
ACETATO DE TRIPTORRELINA,,,,,,
PICOSSULFATO DE SODIO MONOIDRATADO,,,,,,
TIROTRICINA;NISTATINA;NEOMICINA;DEXAMETASONA,,,,,,
COLAGENASE,,,,,,
TIOCONAZOL;TINIDAZOL;SECNIDAZOL,,,,,,
NITRATO DE MICONAZOL;METRONIDAZOL,,,,,,
COLECALCIFEROL;CLORIDRATO DE PIRIDOXINA;ACETATO DE RETINOL,,,,,,
FIBRINOGENIO,,,,,,
MESILATO DE ERIBULINA,,,,,,
CLORETO DE SODIO;GLICOSE ANIDRA,,,,,,
PROPIONATO DE HALOBETASOL,,,,,,
LEDIPASVIR;SOFOSBUVIR,,,,,,
ACIDO SALICILICO;IODO,,,,,,
HEDERA HELIX L.,,,,,,
CARBONATO DE LODENAFILA,,,,,,
TIABENDAZOL;MEBENDAZOL,,,,,,
SALICILATO DE DIETILAMONIO;POLISSULFATO DE ESCINA SODICA;ESCINA,,,,,,
EMICIZUMABE,,,,,,
HEMIFUMARATO DE ALISQUIRENO,,,,,,
HEMITARTARATO DE NOREPINEFRINA,,,,,,
HEMITARTARATO DE ZOLPIDEM,,,,,,
OXIMETOLONA,,,,,,
SULFATO DE MAGNESIO HEPTAIDRATADO;CLORETO DE SODIO,,,,,,
CLORETO DE SODIO;CLORETO DE MAGNESIO HEXAIDRATADO;GLICOSE MONOHIDRATADA,,,,,,
IOBITRIDOL,,,,,,
ASPARTATO DE ORNITINA,,,,,,
ADEFOVIR DIPIVOXILA,,,,,,
HEPARINA SODICA BOVINA,,,,,,
TRASTUZUMABE,,,,,,
IDOXURIDINA,,,,,,
CLORIDRATO DE TROMANTADINA,,,,,,
ACIDO IOXAGLICO;MEGLUMINA,,,,,,
VACINA ADSORVIDA DIFTERIA, POLIOMIELITE 1, 2 E 3 (INATIVADA) E HAEMOPHILUS INFLUENZAE B (CONJUGADA),SANOFI-AVENTIS FARMACEUTICA LTDA,BIOlOgIcOs,TArjA VErmElhA,
ISETIONATO DE HEXAMIDINA;CLORIDRATO DE TETRACAINA,,,,,,
BEMIPARINA SODICA,,,,,,
GLICOSE;CLORETO DE SODIO;CLORETO DE POTASSIO;CITRATO DE SODIO,,,,,,
GLICOSE;CLORETO DE SODIO;CITRATO DE POTASSIO;CITRATO DE SODIO DI-HIDRATADO,,,,,,
CITRATO DE POTASSIO MONOIDRATADO,,,,,,
UREIA,,,,,,
FUROSEMIDA;CLORETO DE POTASSIO,,,,,,
SULFATO DE NEOMICINA;FOSFATO DISSODICO DE DEXAMETASONA;CLORIDRATO DE NAFAZOLINA,,,,,,
HIDROCORTISONA;CLIOQUINOL,,,,,,
HIDROXIUREIA,,,,,,
ESCOPOLAMINA;BUTILBROMETO DE ESCOPOLAMINA;DIPIRONA,,,,,,
DIPIRONA;BROMETO DE N-BUTILESCOPOLAMINA,,,,,,
DICLORIDRATO DE MANIDIPINO;CLORIDRATO DE DELAPRIL,,,,,,
OXIDO DE ZINCO;PALMITATO DE RETINOL;CALCITRIOL,,,,,,
OXIDO DE ZINCO;OLEO DE FIGADO DE BACALHAU;RETINOL;COLECALCIFEROL,,,,,,
GELATINA;CLORETO DE SODIO;CLORETO DE POTASSIO;CLORETO DE CALCIO,,,,,,
PSEUDOEFEDRINA;LORATADINA,,,,,,
DICLORIDRATO DE HIDROXIZINA;CLORIDRATO DE HIDROXIZINA,,,,,,
INSULINA LISPRO,,,,,,
BISACODIL;DOCUSATO SODICO,,,,,,
ADALIMUMABE,,,,,,
INSULINA HUMANA,,,,,,
ACIDO HIALURONICO,,,,,,
MESILATO DE CODERGOCRINA,,,,,,
RILMENIDINA,,,,,,
NICOTINAMIDA;FOSFATO SODICO DE RIBOFLAVINA;DEXPANTENOL;CLORIDRATO DE TIAMINA;CLORIDRATO DE PIRIDOXINA,,,,,,
HEMITARTARATO DE EPINEFRINA;CLORIDRATO DE LIDOCAINA,,,,,,
MANITOL,,,,,,
POVIDONA,,,,,,
PALBOCICLIBE,,,,,,
VALERATO DE DIFLUCORTOLONA;NITRATO DE ISOCONAZOL,,,,,,
ISOCONAZOL,,,,,,
CLORIDRATO DE IDARRUBICINA,SImIlAr,TArjA VErmElhA,,,,
ALFA-ALBUTREPENONACOGUE,,,,,,
TRIANTERENO;HIDROCLOROTIAZIDA,,,,,,
CANAQUINUMABE,,,,,,
IBRUTINIBE,,,,,,
DURVALUMABE,,,,,,
IMIPENEM MONOIDRATADO;CILASTATINA SODICA,,,,,,
SUCCINATO DE SUMATRIPTANA,,,,,,
IMIPENEM;CILASTATINA SODICA,,,,,,
CLORIDRATO DE IMIPRAMINA,,,,,,
VACINA BCG,,,,,,
ZOPICLONA,,,,,,
SUCCINATO DE SOLIFENACINA,,,,,,
ETONOGESTREL,,,,,,
LEVOMENTOL;CANFORA,,,,,,
INDOMETACINA,,,,,,
VACINA ADSORVIDA DIFTERIA, POLIOMIELITE 1, 2 E 3 (INATIVADA) E HAEMOPHILUS INFLUENZAE B (CONJUGADA),GLAXOSMITHKLINE BRASIL LTDA,BIOlOgIcOs,TArjA VErmElhA,
VACINA ADSORVIDA DIFTERIA, 2 E 3 (INATIVADA) E HAEMOPHILUS INFLUENZAE B (CONJUGADA),GLAXOSMITHKLINE BRASIL LTDA,BIOlOgIcOs,TArjA VErmElhA,,
VACINA INFLUENZA TRIVALENTE (INATIVADA,TArjA VErmElhA,,,,,
CEPA INFLUENZA TIPO A (H3N2);CEPA INFLUENZA TIPO A (H1N1);CEPA INFLUENZA TIPO B (YAMAGATA);CEPA INFLUENZA TIPO B (VICTORIA),,,,,,
PARACETAMOL;CARISOPRODOL;CAFEINA;DICLOFENACO DE SODIO,,,,,,
CLORIDRATO DE ISOXSUPRINA,,,,,,
PANTOPRAZOL MAGNESICO DI-HIDRATADO,,,,,,
RABEPRAZOL SODICO,,,,,,
AXITINIBE,,,,,,
RUFINAMIDA,,,,,,
ETRAVIRINA,,,,,,
ALFAINTERFERONA 2A,,,,,,
PALIPERIDONA,,,,,,
PALMITATO DE PALIPERIDONA,,,,,,
CANAGLIFLOZINA HEMI-HIDRATADA,,,,,,
IOMEPROL,,,,,,
IOPAMIDOL,,,,,,
ACIDO EPSILON AMINOCAPROICO,,,,,,
GEFITINIBE,,,,,,
RALTEGRAVIR,,,,,,
RALTEGRAVIR POTASSICO,,,,,,
MESILATO DE DIIDROERGOCRISTINA,,,,,,
PIRACETAM;MESILATO DE DIIDROERGOCRISTINA,,,,,,
LACTATO DE SODIO;CLORETO DE SODIO;CLORETO DE POTASSIO;CLORETO DE CALCIO DI-HIDRATADO,,,,,,
SULFATO DE MAGNESIO HEPTAIDRATADO,,,,,,
9%),TArjA VErmElhA,,,,,
ISOFLURANO,,,,,,
CLORETO DE SODIO;CLORETO DE POTASSIO;CLORETO DE MAGNESIO HEXAIDRATADO;HIDROXIETILAMIDO;CLORETO DE CALCIO DI-HIDRATADO;ACETATO DE SODIO TRI-HIDRATADO,,,,,,
5,TArjA VErmElhA,,,,,
INSULINA ISOFANA,,,,,,
IVERMECTINA,,,,,,
IMIQUIMODE,,,,,,
FOSFATO DE RUXOLITINIBE,,,,,,
FOSFATO DE SITAGLIPTINA,,,,,,
FOSFATO DE SITAGLIPTINA;CLORIDRATO DE METFORMINA,,,,,,
EMPAGLIFLOZINA,,,,,,
VINFLUNINA,,,,,,
OCRIPLASMINA,,,,,,
CLORIDRATO DE SELEGILINA,,,,,,
POLIAMINOACIDOS,,,,,,
TRASTUZUMABE ENTANSINA,,,,,,
RITONAVIR;LOPINAVIR,,,,,,
SULFATO DE ZINCO MONOIDRATADO;LACTATO DE CALCIO;COLECALCIFEROL;CIANOCOBALAMINA;FOSFATO DE CALCIO DIIDRATADO,,,,,,
IVACAFTOR,,,,,,
IMUNOGLOBULINA ANTI-RHO(D),,,,,,
ALFASSEBELIPASE,,,,,,
CLORIDRATO DE DEXTROCETAMINA,,,,,,
PEMBROLIZUMABE,,,,,,
SUCCINATO DE RIBOCICLIBE,,,,,,
ETOFAMIDA,,,,,,
TRISSILICATO DE MAGNESIO;HIDROXIDO DE MAGNESIO;HIDROXIDO DE ALUMINIO,,,,,,
CLORIDRATO DE METFORMINA;SAXAGLIPTINA,,,,,,
CLORETO DE BENZALCONIO,,,,,,
SAPROPTERINA,,,,,,
DICLORIDRATO DE SAPROPTERINA,,,,,,
ANTITROMBINA III,,,,,,
CARFILZOMIBE,,,,,,
BETAISTINA,,,,,,
LACIDIPINO,,,,,,
LACOSAMIDA,,,,,,
HIPROMELOSE;DEXTRANA,,,,,,
ALCOOL POLIVINILICO,,,,,,
LACTATO DE SODIO;CLORETO DE SODIO;CLORETO DE MAGNESIO HEXAIDRATADO;CLORETO DE CALCIO DI-HIDRATADO,,,,,,
TIROTRICINA,,,,,,
LACTATO DE AMONIO,,,,,,
DANAZOL,,,,,,
BENZNIDAZOL,,,,,,
LANSOPRAZOL,,,,,,
OXIDO DE ZINCO;ACIDO FOLICO;ACIDO ASCORBICO;RIBOFLAVINA;PALMITATO DE RETINOL;NITRATO DE TIAMINA;NICOTINAMIDA;FUMARATO FERROSO;COLECALCIFEROL;CLORIDRATO DE PIRIDOXINA;CIANOCOBALAMINA;CARBONATO DE CALCIO;ACETATO DE RACEALFATOCOFEROL,,,,,,
LANSOPRAZOL;CLARITROMICINA;AMOXICILINA TRIHIDRATADA,,,,,,
LANSOPRAZOL;CLARITROMICINA;AMOXICILINA TRI-HIDRATADA,,,,,,
TIOGUANINA,,,,,,
LOSARTAN POTASSICO,,,,,,
CLORETO DE CETILPIRIDINIO,,,,,,
OLARATUMABE,,,,,,
FUROSEMIDA;ESPIRONOLACTONA,,,,,,
ALCAFTADINA,,,,,,
MALEATO DE TIMOLOL;LATANOPROSTA,,,,,,
CLORIDRATO DE LURASIDONA,,,,,,
SILYBUM MARIANUM (L.) GAERTN,,,,,,
HIDROXIDO DE MAGNESIO,,,,,,
ALENTUZUMABE,,,,,,
MESILATO DE LENVATINIBE,,,,,,
FENOLSULFONATO DE ZINCO;CLORIDRATO DE NAFAZOLINA,,,,,,
FLUVASTATINA SODICA,,,,,,
TIMOMODULINA,,,,,,
CLORAMBUCILA,,,,,,
CLADRIBINA,,,,,,
LEVOFLOXACINO,,,,,,
INSULINA DETEMIR,,,,,,
CLORIDRATO DE VARDENAFILA,,,,,,
LEVOFLOXACINO HEMI-HIDRATADO;LEVOFLOXACINO HEMIDRATADO,,,,,,
LEVOFLOXACINO HEMIDRATADO,,,,,,
MONTELUCASTE DE SODIO;DICLORIDRATO DE LEVOCETIRIZINA,,,,,,
LEVONORGESTREL;ETINILESTRADIOL;CLORIDRATO DE PIRIDOXINA,,,,,,
MALEATO DE LEVOMEPROMAZINA,,,,,,
CEFALEXINA MONOIDRATADA;CEFALEXINA,,,,,,
08%,VEndA LIvrE,,,,,
CLORIDRATO DE MEFLOQUINA,,,,,,
RILUZOL,,,,,,
CEMIPLIMABE,,,,,,
SULFATO DE POLIMIXINA B;LIDOCAINA,,,,,,
CLORIDRATO DE AMITRIPTILINA;CLORDIAZEPOXIDO,,,,,,
FENOFIBRATOS MICROGRANULOS A 75%,,,,,,
ORLISTATE,,,,,,
ESTERES ETILICOS DOS ACIDOS GRAXOS DO OLEO DE PAPOULA IODADOS,,,,,,
SORBITOL;CARBOMER,,,,,,
OLEO DE SOJA;LECITINA DE OVO;GLICEROL,,,,,,
LISINOPRIL,,,,,,
MITOTANO,,,,,,
CITRATO DE POTASSIO,,,,,,
EDOXABANA,,,,,,
FUSAFUNGINA,,,,,,
AMOROLFINA,,,,,,
CLORIDRATO DE AMOROLFINA;AMOROLFINA,,,,,,
OLOPATADINA,,,,,,
SULFATO DE NEOMICINA,,,,,,
BROMETO DE OTILONIO,,,,,,
LIPEGFILGRASTIM,,,,,,
LORATADINA;CLORIDRATO DE PSEUDOEFEDRINA,,,,,,
OMEPRAZOL MAGNESICO,,,,,,
CLORIDRATO DE BENAZEPRIL,,,,,,
HIDROCLOROTIAZIDA;CLORIDRATO DE BENAZEPRIL,,,,,,
NORGESTIMATO;ETINILESTRADIOL,,,,,,
LOVASTATINA,,,,,,
LOXOPROFENO SODICO,,,,,,
OMEPRAZOL MICROGRANULADOS,,,,,,
SULFATO DE QUININA,,,,,,
RANIBIZUMABE,,,,,,
CLORIDRATO DE MAPROTILINA,,,,,,
PROPIONATO DE FLUTICASONA;FUMARATO DE FORMOTEROL DI-HIDRATADO,,,,,,
ACETATO DE NOMEGESTROL,,,,,,
ALFALUTROPINA,,,,,,
MALEATO DE FLUVOXAMINA,,,,,,
OLAPARIBE,,,,,,
LIXISENATIDA,,,,,,
RITUXIMABE,,,,,,
NITROFURANTOINA,,,,,,
GADOPENTETATO DE DIMEGLUMINA,,,,,,
TIROTRICINA;SULFATO DE HIDROXIQUINOLINA,,,,,,
TIROTRICINA;SULFATO DE HIDROXICLOROQUINA;BENZOCAINA,,,,,,
TIROTRICINA;SULFATO DE HIDROXICLOROQUINA,,,,,,
TIROTRICINA;CLORIDRATO DE LIDOCAINA;QUINOSOL,,,,,,
CLORIDRATO DE BENZOCAINA,,,,,,
CLORETO DE CETILPIRIDINIO;BORATO DE SODIO;BENZOCAINA,,,,,,
DICLORIDRATO DE MANIDIPINO,,,,,,
CLORIDRATO DE AMANTADINA,,,,,,
FEMPROCUMONA,,,,,,
OXIDO DE ZINCO;OXIDO CUPRICO;ACIDO PANTOTENICO;ACIDO FOLICO;ACIDO ASCORBICO;TIAMINA;SULFATO DE MANGANES;SELENATO DE SODIO;RIBOFLAVINA;RETINOL;PIRIDOXINA;NICOTINAMIDA;MOLIBDATO DE SODIO;IODETO DE POTASSIO;FUMARATO FERROSO;COLECALCIFEROL;CLORETO CROMICO HEXAIDRATADO;CIANOCOBALAMINA;BIOTINA;ACETATO DE RACEALFATOCOFEROL,,,,,,
OXIDO DE ZINCO;OXIDO DE MAGNESIO;ACIDO ASCORBICO;TIAMINA;SULFATO DE MANGANES;RIBOFLAVINA;PANTOTENATO DE CALCIO;FUMARATO FERROSO;COLECALCIFEROL;CLORIDRATO DE PIRIDOXINA;CIANOCOBALAMINA;BIOTINA;ACETATO DE RETINOL,,,,,,
PIBRENTASVIR;GLECAPREVIR HIDRATADO,,,,,,
BENZOATO DE RIZATRIPTANA,,,,,,
CEFEPIMA,,,,,,
SULFATO DE ZINCO;NITRATO DE NAFAZOLINA,,,,,,
SULFATO DE POLIMIXINA B;SULFATO DE NEOMICINA;DEXAMETASONA,,,,,,
NIMESULIDA BETACICLODEXTRINA,,,,,,
LIMECICLINA,,,,,,
MECLOZINA,,,,,,
DIMETILSULFOXIDO DE TRAMETINIBE,,,,,,
CLORIDRATO DE TIORIDAZINA,,,,,,
VACINA MENINGOCOCICA ACWY (CONJUGADA),,,,,,
MIRTAZAPINA,,,,,,
VACINA MENINGOGOCICA CONJUGADA DO GRUPO C,,,,,,
MENOTROPINA,,,,,,
ESTROGENIOS CONJUGADOS,,,,,,
CANFORA,,,,,,
OLEO DE EUCALIPTO;MENTOL;CANFORA,,,,,,
MIFAMURTIDA,,,,,,
MEROPENEM,,,,,,
EPINEFRINA;CLORIDRATO DE MEPIVACAINA,,,,,,
MEPIVACAINA;CORBADRINA,,,,,,
HEMITARTARATO DE NOREPINEFRINA;CLORIDRATO DE MEPIVACAINA,,,,,,
CLORIDRATO DE MEPIVACAINA,,,,,,
ALFAVESTRONIDASE,,,,,,
FENOXIMETILPENICILINA POTASSICA,,,,,,
MEROPENEM TRI-HIDRATADO,,,,,,
MESNA,,,,,,
PEMETREXEDE DISSODICO HEMIPENTAIDRATADO,,,,,,
BROMETO DE PIRIDOSTIGMINA,,,,,,
PIDOLATO DE PIRIDOXINA,,,,,,
TENECTEPLASE,,,,,,
METILSULFATO DE NEOSTIGMINA,,,,,,
RACEMETIONINA;INOSITOL;CLORETO DE COLINA;CIANOCOBALAMINA,,,,,,
ACIDO NICOTINICO,,,,,,
CLORIDRATO DE AMINOLEVULINATO DE METILA,,,,,,
TETRAIDROCANABINOL;CANABIDIOL,,,,,,
CALCITONINA SINTETICA DE SALMÃO,,,,,,
TELMISARTANA;BESILATO DE ANLODIPINO,,,,,,
VORICONAZOL,,,,,,
FLUTRIMAZOL,,,,,,
MICOFENOLATO DE SODIO,,,,,,
TIABENDAZOL;SULFATO DE NEOMICINA,,,,,,
ACIDO BENZOICO;IODETO DE POTASSIO,,,,,,
ACIDO SALICILICO;ACIDO BENZOICO;IODO,,,,,,
NORETISTERONA,,,,,,
BENFOTIAMINA,,,,,,
GLIPIZIDA,,,,,,
SORBITOL;LAURILSULFATO DE SODIO,,,,,,
SORBITOL;LAURILSULFATO DE SODIO;SORBITOL 70 %;LAURIL SULFATO DE SODIO,,,,,,
CLORIDRATO DE PRAZOSINA,,,,,,
COLECALCIFEROL;CITRATO DE CALCIO,,,,,,
NIMODIPINO,,,,,,
CLORIDRATO DE TIAMINA;CLORIDRATO DE PIRIDOXINA;CIANOCOBALAMINA;CARISOPRODOL;DIPIRONA MONOIDRATADA,,,,,,
CLORIDRATO DE TIAMINA;CLORIDRATO DE PIRIDOXINA;CIANOCOBALAMINA;CARISOPRODOL;DIPIRONA,,,,,,
CLORIDRATO DE CICLOBENZAPRINA;CAFEINA,,,,,,
SULFATO DE ZINCO;CLORIDRATO DE TETRIZOLINA,,,,,,
BRIMONIDINA,,,,,,
MITOMICINA,,,,,,
CLORETO DE SODIO;CLORETO DE POTASSIO;GLICOSE ANIDRA,,,,,,
IODETO DE POTASSIO,,,,,,
VACINA SARAMPO,BIOlOgIcOs,TArjA VErmElhA,,,,
CAPSAICINA,,,,,,
ACIDO AMINOBENZOICO;QUERATINA;PANTOTENATO DE CALCIO;NITRATO DE TIAMINA;LEVEDURA;CISTINA,,,,,,
FOSFOMICINA TROMETAMOL,,,,,,
CURCUMA LONGA L.,,,,,,
PLERIXAFOR,,,,,,
GADOBENATO DE DIMEGLUMINA,,,,,,
OXIDO CUPRICO;ACIDO FOLICO;ACIDO ASCORBICO;SULFATO DE ZINCO;RIBOFLAVINA;PANTOTENATO DE CALCIO;NITRATO DE TIAMINA;NICOTINAMIDA;CLORIDRATO DE PIRIDOXINA;ACETATO DE RACEALFATOCOFEROL;ACETATO DE DEXTROALFATOCOFEROL,,,,,,
FOTEMUSTINA,,,,,,
MACROGOL;CLORETO DE SODIO;CLORETO DE POTASSIO;BICARBONATO DE SODIO,,,,,,
MICAFUNGINA,,,,,,
BIFONAZOL,,,,,,
ALFALGLICOSIDASE,,,,,,
MIRABEGRONA,,,,,,
CLORIDRATO DE METADONA,,,,,,
GALSULFASE,,,,,,
ACIDO NALIDIXICO,,,,,,
RAMIPRIL;BESILATO DE ANLODIPINO,,,,,,
NAPROXENO,,,,,,
BENZBROMARONA,,,,,,
MALEATO DE MEPIRAMINA;DEXPANTENOL;CLORIDRATO DE NAFAZOLINA,,,,,,
AGUA DO MAR,,,,,,
OXIDO DE ZINCO;ACIDO FOLICO;ACIDO ASCORBICO;RIBOFLAVINA;PALMITATO DE RETINOL;NICOTINAMIDA;FUMARATO FERROSO;COLECALCIFEROL;CLORIDRATO DE PIRIDOXINA;CIANOCOBALAMINA;CARBONATO DE CALCIO;MONONITRATO DE TIAMINA;ACETATO DE TOCOFEROL,,,,,,
OXIDO DE ZINCO;ACIDO FOLICO;ACIDO ASCORBICO;TIAMINA;RIBOFLAVINA;PALMITATO DE RETINOL;NICOTINAMIDA;FUMARATO FERROSO;COLECALCIFEROL;CLORIDRATO DE PIRIDOXINA;CIANOCOBALAMINA;ACETATO DE TOCOFEROL,,,,,,
DICLORIDRATO DE MECLOZINA MONOIDRATADO,,,,,,
NIMORAZOL,,,,,,
BACITRACINA ZINCICA,,,,,,
AMOXICILINA BASE,,,,,,
POLIDOCANOL;CLORIDRATO DE LIDOCAINA,,,,,,
POLIDOCANOL;LIDOCAINA,,,,,,
ACIDO ASCORBICO;RIBOFLAVINA;NICOTINAMIDA;FRUTOSE;CLORIDRATO DE PIRIDOXINA;CIANOCOBALAMINA,,,,,,
TRIPTORRELINA,,,,,,
25% COM VASOCONSTRITOR,TArjA VErmElhA,,,,,
SULFATO DE NEOMICINA;ACETATO DE DEXAMETASONA,,,,,,
PARACETAMOL;MALEATO DE CARBINOXAMINA,,,,,,
HIDROCLOROTIAZIDA;LOSARTAN POTASSICO,,,,,,
ISOMETEPTENO;CAFEINA;DIPIRONA,,,,,,
DICLOFENACO POTASSICO;DICLOFENACO COLESTIRAMINA,,,,,,
ACITRETINA,,,,,,
CLORIDRATO DE LEVOMEPROMAZINA,,,,,,
TRIPTOFANA;TREONINA;TIROSINA;SERINA;PROLINA;LEVOVALINA;LEVOMETIONINA;LEUCINA;ISOLEUCINA;HISTIDINA;GLICINA;FENILALANINA;ARGININA;ALANINA;ACETILCISTEINA;ACETATO DE LISINA,,,,,,
BENZOATO DE ALOGLIPTINA,,,,,,
CLORIDRATO DE METFORMINA;BENZOATO DE ALOGLIPTINA,,,,,,
CLORIDRATO DE PIOGLITAZONA;BENZOATO DE ALOGLIPTINA,,,,,,
PEGFILGRASTIM,,,,,,
PERICIAZINA,,,,,,
ROTIGOTINA,,,,,,
NEPAFENACO,,,,,,
CLORIDRATO DE PIRIDOXINA;CIANOCOBALAMINA;MONONITRATO DE TIAMINA,,,,,,
TOSILATO DE SORAFENIBE,,,,,,
NICOTINA,,,,,,
NIFEDIPINO;ATENOLOL,,,,,,
DROPERIDOL;CITRATO DE FENTANILA,,,,,,
CITRATO DE IXAZOMIBE,,,,,,
NITRAZEPAM,,,,,,
NITRATO DE OXICONAZOL,,,,,,
NITROPRUSSETO DE SODIO,,,,,,
PANTOPRAZOL SODICO SESQUI-HIDRATADO;NIMESULIDA,,,,,,
ESTAZOLAM,,,,,,
PIRACETAM,,,,,,
VINORELBINA,,,,,,
ACIDO FOLICO;FERRIPOLIMALTOSE,,,,,,
RITONAVIR,,,,,,
CLORIDRATO DE LEVOBUPIVACAINA,,,,,,
HEMITARTARATO DE EPINEFRINA;CLORIDRATO DE LEVOBUPIVACAINA,,,,,,
IBUPROFENO SODICO,,,,,,
FERROCARBONILA,,,,,,
ALFAEPTACOGUE ATIVADO,,,,,,
METOCLOPRAMIDA,,,,,,
POSACONAZOL,,,,,,
ROMIPLOSTIM,,,,,,
MEPOLIZUMABE,,,,,,
PETROLATO LIQUIDO,,,,,,
ACIDO GLUTAMICO;ACIDO ASPARTICO;TRIPTOFANA;TREONINA;SERINA;PROLINA;LEVOVALINA;LEVOMETIONINA;LEUCINA;ISOLEUCINA;HIDROXIDO DE SODIO;GLICOSE;GLICINA;GLICEROL;FENILALANINA;CLORIDRATO DE LISINA;CLORETO DE SODIO;ARGININA;ALANINA;ACETATO DE SODIO;ACETATO DE POTASSIO;ACETATO DE MAGNESIO;CLORETO DE CALCIO DI-HIDRATADO,,,,,,
ACIDO GLUTAMICO;ACIDO ASPARTICO;TRIPTOFANA;TREONINA;SERINA;PROLINA;LEVOVALINA;LEVOMETIONINA;LEUCINA;ISOLEUCINA;GLICOSE;GLICINA;GLICEROL;FENILALANINA;CLORIDRATO DE LISINA;CLORETO DE SODIO;ARGININA;ALANINA;ACETATO DE SODIO;ACETATO DE POTASSIO;CLORETO DE CALCIO DI-HIDRATADO,,,,,,
ACIDO GLUTAMICO;ACIDO ASPARTICO;TRIPTOFANA;TREONINA;SERINA;PROLINA;LEVOVALINA;LEVOMETIONINA;LEUCINA;ISOLEUCINA;GLICOSE;GLICINA;GLICEROL;FENILALANINA;CLORIDRATO DE LISINA;CLORETO DE SODIO;ARGININA;ALANINA;ACETATO DE SODIO;ACETATO DE POTASSIO;ACETATO DE MAGNESIO;CLORETO DE CALCIO DI-HIDRATADO,,,,,,
ACIDO GLUTAMICO;ACIDO CITRICO;ACIDO ASPARTICO;TRIPTOFANA;TREONINA;SERINA;PROLINA;LEVOVALINA;LEVOMETIONINA;LEUCINA;ISOLEUCINA;HIDROXIDO DE SODIO;GLICOSE;GLICINA;GLICEROL;FENILALANINA;CLORIDRATO DE LISINA;CLORIDRATO DE HISTIDINA;CLORETO DE SODIO;ARGININA;ALANINA;ACETATO DE SODIO;ACETATO DE POTASSIO;ACETATO DE MAGNESIO;CLORETO DE CALCIO DI-HIDRATADO,,,,,,
ACIDO GLUTAMICO;ACIDO ASPARTICO;TRIPTOFANA;TREONINA;SERINA;PROLINA;LEVOVALINA;LEVOMETIONINA;LEUCINA;ISOLEUCINA;GLICOSE;GLICINA;GLICEROL;FENILALANINA;CLORETO DE SODIO;ARGININA;ALANINA;ACETATO DE SODIO;ACETATO DE POTASSIO,,,,,,
ACIDO GLUTAMICO;ACIDO ASPARTICO;TRIPTOFANA;TREONINA;SERINA;PROLINA;LEVOVALINA;LEVOMETIONINA;LEUCINA;ISOLEUCINA;HIDROXIDO DE SODIO;HIDROXIDO DE POTASSIO;GLICOSE;GLICINA;FENILALANINA;CLORIDRATO DE LISINA;CLORIDRATO DE HISTIDINA;ARGININA;ALANINA;ACETATO DE SODIO;ACETATO DE MAGNESIO;CLORETO DE CALCIO DI-HIDRATADO,,,,,,
ACIDO GLUTAMICO;ACIDO CITRICO;ACIDO ASPARTICO;TRIPTOFANA;TREONINA;SERINA;PROLINA;LEVOVALINA;LEVOMETIONINA;LEUCINA;ISOLEUCINA;HIDROXIDO DE SODIO;HIDROXIDO DE POTASSIO;GLICOSE;GLICINA;FENILALANINA;CLORIDRATO DE LISINA;ARGININA;ALANINA;ACETATO DE SODIO;CLORETO DE CALCIO DI-HIDRATADO,,,,,,
ACIDO GLUTAMICO;SULFATO FERROSO;SULFATO DE MAGNESIO;RIBOFLAVINA;NITRATO DE TIAMINA;NICOTINAMIDA;FOSFATO DE CALCIO DIBASICO DIIDRATADO;CLORIDRATO DE PIRIDOXINA;CLORIDRATO DE CARNITINA;CLORIDRATO DE BUCLIZINA;CIANOCOBALAMINA,,,,,,
ACIDO GLUTAMICO;RIBOFLAVINA;NICOTINAMIDA;FOSFATO SODICO DE RIBOFLAVINA;FOSFATO DE CALCIO DIBASICO DIIDRATADO;CLORIDRATO DE TIAMINA;CLORIDRATO DE PIRIDOXINA;CLORIDRATO DE CARNITINA;CLORETO DE MAGNESIO HEXAIDRATADO;CITRATO FERRICO AMONIACAL;CIANOCOBALAMINA,,,,,,
ETONOGESTREL;ETINILESTRADIOL,,,,,,
ALFASIMOCTOCOGUE,,,,,,
OCITOCINA,,,,,,
OCRELIZUMABE,,,,,,
ACETATO DE OCTREOTIDA,,,,,,
FLURBIPROFENO SODICO,,,,,,
ESILATO DE NINTEDANIBE,,,,,,
OLEO DE SOJA;TRIPTOFANA;TREONINA;TIROSINA;SERINA;PROLINA;LISINA;LEVOVALINA;LEVOMETIONINA;LEUCINA;ISOLEUCINA;HISTIDINA;GLICOSE;GLICINA;GLICEROFOSFATO DE SODIO;FENILALANINA;CLORETO DE POTASSIO;CLORETO DE MAGNESIO HEXAIDRATADO;ARGININA;ALANINA;CLORETO DE CALCIO DI-HIDRATADO;ACETATO DE SODIO TRI-HIDRATADO,,,,,,
OLEO DE SOJA;ACIDO GLUTAMICO;ACIDO ASPARTICO;TRIPTOFANA;TREONINA;TIROSINA;SERINA;PROLINA;LEVOVALINA;LEVOMETIONINA;LEUCINA;ISOLEUCINA;HISTIDINA;GLICINA;GLICEROFOSFATO DE SODIO;FENILALANINA;CLORETO DE POTASSIO;CLORETO DE MAGNESIO HEXAIDRATADO;ARGININA;ALANINA;ACETATO DE LISINA;GLICOSE MONOHIDRATADA;CLORETO DE CALCIO DI-HIDRATADO;ACETATO DE SODIO TRI-HIDRATADO,,,,,,
BARICITINIBE,,,,,,
SIMEPREVIR SODICO,,,,,,
OLEO DE PEIXE,,,,,,
OMEPRAZOL;CLARITROMICINA;AMOXICILINA,,,,,,
OMEPRAZOL;OMEPRAZOL MICROGRANULADOS,,,,,,
OMEPRAZOL SODICO,,,,,,
IOEXOL,,,,,,
GADODIAMIDA,,,,,,
MALEATO DE INDACATEROL,,,,,,
PEGASPARGASE,,,,,,
SAXAGLIPTINA,,,,,,
NIVOLUMABE,,,,,,
CARBACOL,,,,,,
MACITENTANA,,,,,,
GADOVERSETAMIDA,,,,,,
IOVERSOL,,,,,,
PIMOZIDA,,,,,,
ABATACEPTE,,,,,,
ACETATO DE GANIRRELIX,,,,,,
LUMACAFTOR;IVACAFTOR,,,,,,
CLORIDRATO DE ARGININA;CITRULINA;ASPARTATO DE ORNITINA,,,,,,
APREMILASTE,,,,,,
VALERATO DE BETAMETASONA;CLORIDRATO DE TETRACAINA;CLORFENESINA,,,,,,
HIDROCORTISONA;CIPROFLOXACINO,,,,,,
HIDROCORTISONA;CLORIDRATO DE CIPROFLOXACINO,,,,,,
SULFATO DE POLIMIXINA B;SULFATO DE NEOMICINA;HIDROCORTISONA,,,,,,
NEOMICINA;LIDOCAINA;HIALURONIDASE,,,,,,
CLORIDRATO DE XILOMETAZOLINA,,,,,,
CLORIDRATO DE LIDOCAINA;CLORANFENICOL,,,,,,
ALFACORIOGONADOTROPINA,,,,,,
OXACILINA SODICA,,,,,,
OXACILINA SODICA;OXACILINA,,,,,,
CLORIDRATO DE OXIBUPROCAINA,,,,,,
METOXISALENO,,,,,,
SEMAGLUTIDA,,,,,,
TERPINA MONOIDRATADA;MENTOL;GUAIACOL;GOMENOL;EUCALIPTOL;CANFORA,,,,,,
LIDOCAINA;GUAIFENESINA;GOMENOL;EUCALIPTOL;CANSILATO DE SODIO,,,,,,
CLORIDRATO DE TAPENTADOL,,,,,,
SULFATO DE POLIMIXINA B;SULFATO DE NEOMICINA;CLORIDRATO DE LIDOCAINA;ACETATO DE FLUDROCORTISONA,,,,,,
ACIDO PARAMINOBENZOICO;TIAMINA;QUERATINA;PANTOTENATO DE CALCIO;LEVEDURA;CISTINA,,,,,,
ACIDO PARAMINOBENZOICO;QUERATINA;PANTOTENATO DE CALCIO;NITRATO DE TIAMINA;LEVEDURA;CISTINA,,,,,,
PANTOPRAZOL SODICO SESQUI-HIDRATADO;PANTOPRAZOL,,,,,,
PANTOPRAZOL SODICO,,,,,,
PARACETAMOL;CAFEINA,,,,,,
PARACETAMOL;CLORZOXAZONA,,,,,,
MESILATO DE BROMOCRIPTINA,,,,,,
TRANILCIPROMINA,,,,,,
NIFUROXAZIDA,,,,,,
LISADOS BACTERIANOS (STAPHYLOCOCCUS AUREUS,KLEBSIELLA PNEUMONIAE, BRANHAMELLA CATARRHALIS, HAEMOPHILUS INFLUENZAE),APSEN FARMACEUTICA S/A,BIOlOgIcOs,TArjA VErmElhA
LISADO BACTERIANO,,,,,,
LISADOS BACTERIANOS (STAPHYLOCOCCUS AUREUS,KLEBSIELLA PNEUMONIAE, BRANHAMELLA CATARRHALIS, HAEMOPHILUS INFLUENZAE),COSMED INDUSTRIA DE COSMETICOS E MEDICAMENTOS S.A.,BIOlOgIcOs,TArjA VErmElhA
VACINA ADSORVIDA DIFTERIA, 2 E 3 (INATIVADA) E HAEMOPHILUS INFLUENZAE B (CONJUGADA),SANOFI-AVENTIS FARMACEUTICA LTDA,BIOlOgIcOs,TArjA VErmElhA,,
GLICONATO DE ZINCO,,,,,,
ALFAPEGINTERFERONA 2A,,,,,,
ALFAPEGINTERFERONA 2B,,,,,,
ACIDO BENZOICO;TERPINA MONOIDRATADA;MENTOL;EUCALIPTOL,,,,,,
CILASTATINA,,,,,,
PENTOXIFILINA,,,,,,
PENCICLOVIR,,,,,,
SALICILATO DE BISMUTO MONOBASICO,,,,,,
SUBCITRATO DE BISMUTO COLOIDAL,,,,,,
ALFALUTROPINA;ALFAFOLITROPINA,,,,,,
PERINDOPRIL ERBUMINA,,,,,,
METRONIDAZOL;ESPIRAMICINA,,,,,,
LACTATO DE SODIO;CLORETO DE SODIO;CLORETO DE MAGNESIO HEXAIDRATADO;GLICOSE MONOHIDRATADA;CLORETO DE CALCIO DI-HIDRATADO,,,,,,
PERTUZUMABE,,,,,,
DIPIRIDAMOL,,,,,,
ACIDO ASCORBICO;NICOTINAMIDA;FOSFATO SODICO DE RIBOFLAVINA;CLORIDRATO DE TIAMINA;CLORIDRATO DE PIRIDOXINA;CLORIDRATO DE CIPROEPTADINA,,,,,,
MEBUTATO DE INGENOL,,,,,,
PIDOLATO DE MAGNESIO,,,,,,
DIATRIZOATO DE MEGLUMINA,,,,,,
CLORIDRATO DE PILOCARPINA,,,,,,
ALOINA;ATROPA BELLADONNA,,,,,,
TEOBROMINA;CLORETO DE METILTIONINIO;ALOINA;ATROPA BELLADONNA,,,,,,
TAZOBACTAM SODICO;PIPERACILINA SODICA,,,,,,
PIPERACILINA SODICA,,,,,,
TAZOBACTAM;PIPERACILINA SODICA,,,,,,
PALMITATO DE PIPOTIAZINA,,,,,,
PLANTAGO OVATA FORSSK.,,,,,,
OPRELVECINA,,,,,,
SULFATO DE HIDROXICLOROQUINA,,,,,,
GLICONATO DE SODIO;CLORETO DE SODIO;CLORETO DE POTASSIO;CLORETO DE MAGNESIO HEXAIDRATADO;ACETATO DE SODIO TRIHIDRATADO,,,,,,
CLORATO DE SODIO,,,,,,
GLICONATO DE SODIO;CLORETO DE SODIO;CLORETO DE POTASSIO;CLORETO DE MAGNESIO;ACETATO DE SODIO TRI-HIDRATADO,,,,,,
HIDROXIETILAMIDO,,,,,,
7,TArjA VErmElhA,,,,,
BETAPEGINTERFERONA 1A,,,,,,
PEMETREXEDE DISSODICO HEPTAIDRATADO,,,,,,
TETRACAINA;LIDOCAINA,,,,,,
VACINA PNEUMOCOCICA 23-VALENTE (POLISSACARIDICA),,,,,,
OXIDO DE ZINCO;TRICLOSANA;ALANTOINA,,,,,,
MALEATO DE DEXCLORFENIRAMINA;DEXCLORFENIRAMINA,,,,,,
POLICRESULENO;CLORIDRATO DE CINCHOCAINA,,,,,,
SULFATO DE POLIMIXINA B;SULFATO DE NEOMICINA;ACETATO DE PREDNISOLONA,,,,,,
DICLOFENACO DIETILAMONIO;DICLOFENACO,,,,,,
OXIDO DE ZINCO;ACIDO SALICILICO;ACIDO BORICO;ENXOFRE,VEndA LIvrE,,,,,
MENTOL;FENOL;EPINEFRINA;BENZOCAINA,,,,,,
OXIDO DE ZINCO;CANFORA;CLORETO DE BENZALCONIO,,,,,,
REPAGLINIDA,,,,,,
VALERATO DE BETAMETASONA;HIALURONIDASE,,,,,,
LEVONORGESTREL,TArjA VErmElhA,,,,,
DABIGATRANA,,,,,,
ALIROCUMABE,,,,,,
PRAVASTATINA SODICA,,,,,,
IDARUCIZUMABE,,,,,,
PREDNISOLONA,,,,,,
SULFATO DE POLIMIXINA B;PREDNISOLONA;CLIOQUINOL;BENZOCAINA,,,,,,
FOSFATO SODICO DE METILPREDNISOLONA,,,,,,
PREDNISOLONA;FOSFATO SODICO DE PREDNISOLONA,,,,,,
NONOXINOL,,,,,,
CLORIDRATO DE BENAZEPRIL;BESILATO DE ANLODIPINO,,,,,,
VACINA PNEUMOCOCICA 13-VALENTE (CONJUGADA),,,,,,
DARUNAVIR,,,,,,
FELIPRESSINA;CLORIDRATO DE PRILOCAINA,,,,,,
LACTATO DE MILRINONA,,,,,,
ACIDO GLUTAMICO;ACIDO ASPARTICO;TRIPTOFANA;TREONINA;TIROSINA;TAURINA;SERINA;PROLINA;ORNITINA;LISINA;LEVOVALINA;LEVOMETIONINA;LEUCINA;ISOLEUCINA;HISTIDINA;GLICINA;FENILALANINA;CISTEINA;ARGININA;ALANINA,,,,,,
PRIMIDONA,,,,,,
ETINILESTRADIOL;ACETATO DE NORETISTERONA,,,,,,
GADOXETATO DISSODICO,,,,,,
LISINOPRIL;HIDROCLOROTIAZIDA,,,,,,
VACINA SARAMPO,NOvO,TArjA VErmElhA,,,,
NITRATO DE NAFAZOLINA,,,,,,
FENDIZOATO DE LEVOCLOPERASTINA,,,,,,
IVABRADINA,,,,,,
TRIBENOSIDEO;CLORIDRATO DE LIDOCAINA,,,,,,
OMEPRAZOL;CETOPROFENO,,,,,,
TRIPTOFANA;CLORIDRATO DE PIRIDOXINA;CLORIDRATO DE LISINA;CLORIDRATO DE BUCLIZINA;CIANOCOBALAMINA,,,,,,
GADOTERIDOL,,,,,,
ALFA1ANTITRIPSINA,,,,,,
ALDESLEUCINA,,,,,,
DENOSUMABE,,,,,,
REBOXETINA,,,,,,
RIBOFLAVINA;NITRATO DE TIAMINA;NICOTINAMIDA;CLORIDRATO DE PIRIDOXINA;CLORIDRATO DE BUCLIZINA;CIANOCOBALAMINA,,,,,,
DINOPROSTONA,,,,,,
PROPILTIOURACILA,,,,,,
ALPROSTADIL ALFACICLODEXTRINA,,,,,,
MISOPROSTOL,,,,,,
CLORIDRATO DE PROTAMINA,,,,,,
HICLATO DE DOXICICLINA,,,,,,
FATOR VII DE COAGULAÇÃO ;FATOR IX DE COAGULAÇÃO;FATOR II DE COAGULAÇÃO ;FATOR X,,,,,,
TACROLIMO,,,,,,
RANELATO DE ESTRONCIO,,,,,,
MESTEROLONA,,,,,,
ESZOPICLONA,,,,,,
ALFADORNASE,,,,,,
DELTAFOLITROPINA,,,,,,
MERCAPTOPURINA,,,,,,
SORBITOL;MANITOL,,,,,,
LEVOFLOXACINO HEMI-HIDRATADO;LANSOPRAZOL;AMOXICILINA TRI-HIDRATADA,,,,,,
CLORIDRATO DE FENAZOPIRIDINA,,,,,,
EMBONATO DE PIRVINIO,,,,,,
TROLAMINA;SULFACETAMIDA SODICA,,,,,,
COLESTIRAMINA,,,,,,
RAMIPRIL;BESILATO DE AMLODIPINA,,,,,,
SILODOSINA,,,,,,
SIROLIMO,,,,,,
HIDROCLOROTIAZIDA;HEMIFUMARATO DE ALISQUIRENO,,,,,,
RIBAVIRINA,,,,,,
BETAEPOETINA,,,,,,
ZINCO,,,,,,
ASPARTATO DE L-ARGININA,,,,,,
ASPARTATO DE ARGININA;ASPARTATO DE L-ARGININA,,,,,,
VACINA ADSORVIDA DIFTERIA, 2 E 3 (INATIVADA),GLAXOSMITHKLINE BRASIL LTDA,BIOlOgIcOs,TArjA VErmElhA,,
ALCOOL POLIVINILICO;POVIDONA,,,,,,
GLICEROL;CARMELOSE SODICA;POLISSORBATO,,,,,,
ACIDO POLIACRILICO,,,,,,
METIONINA (11 C);CLORANFENICOL;ACETATO DE RETINOL;AMINOACIDOS,,,,,,
GLICOSE;CLORETO DE SODIO;CLORETO DE POTASSIO;CITRATO DE SODIO DI-HIDRATADO,,,,,,
GLICOSE;CLORETO DE SODIO;CITRATO DE POTASSIO;CITRATO DE SODIO DIHIDRATADO,,,,,,
GLICOSE;CLORETO DE SODIO;CLORETO DE POTASSIO;CITRATO DE SODIO DIHIDRATADO,,,,,,
ZANAMIVIR,,,,,,
TRIFENATATO DE VILANTEROL;FUROATO DE FLUTICASONA,,,,,,
HUMULUS LUPULUS L.,,,,,,
ABCIXIMABE,,,,,,
SALICILATO DE DIETILAMONIO;ESCINA,,,,,,
EVOLOCUMABE,,,,,,
ALFAGALSIDASE,,,,,,
PARACETAMOL;MALEATO DE CARBINOXAMINA;CLORIDRATO DE FENILEFRINA;CITRATO DE PENTOXIVERINA,,,,,,
PRUCALOPRIDA,,,,,,
BUPRENORFINA,,,,,,
TENOXICAM,,,,,,
TEDUGLUTIDA,,,,,,
CLORIDRATO DE NALTREXONA,,,,,,
LENALIDOMIDA,,,,,,
ELTROMBOPAGUE OLAMINA,,,,,,
SULFATO DE ATAZANAVIR,,,,,,
BENDAMUSTINA,,,,,,
RIFAMICINA SV SODICA,,,,,,
RIFAMICINA,,,,,,
RIFAMICINA SV SODICA;RIFAMICINA,,,,,,
CLORETO DE CALCIO 2H2O,,,,,,
CLORETO DE CALCIO,,,,,,
SULFATO DE TUAMINOEPTANO;ACETILCISTEINA,,,,,,
MAGALDRATO;DIMETICONA,,,,,,
MAGALDRATO,,,,,,
RANOLAZINA,,,,,,
RISEDRONATO SODICO;ENFUVIRTIDA,,,,,,
RIVAROXABANA,,,,,,
GAMANONACOGUE,,,,,,
FLUNITRAZEPAM,,,,,,
VACINA ROTAVIRUS HUMANO G1 P1 [8] (ATENUADA),,,,,,
VACINA ROTAVIRUS HUMANO/BOVINO G1,MERCK SHARP & DOHME FARMACEUTICA LTDA,BIOlOgIcOs,TArjA VErmElhA,,,
ESPIRAMICINA,,,,,,
RAMELTEONA,,,,,,
FUMARATO DE RUPATADINA,,,,,,
MIDOSTAURINA,,,,,,
IODOPOVIDONA,,,,,,
VIGABATRINA,,,,,,
TAFLUPROSTA,,,,,,
SULFATO DE MAGNESIO,,,,,,
SULFATO DE MAGNESIO;BICARBONATO DE SODIO,,,,,,
ACIDO SALICILICO;ENXOFRE,,,,,,
MENTOL;CANFORA;ACETATO DE TOCOFEROL,,,,,,
SALICILATO DE METILA;LEVOMENTOL,,,,,,
ACIDO ASCORBICO;RIBOFLAVINA;PANTOTENATO DE CALCIO;NICOTINAMIDA;GLUTAMATO DE SODIO MONOBASICO;FOSFATO SODICO DE RIBOFLAVINA;CLORIDRATO DE TIAMINA;CLORIDRATO DE PIRIDOXINA;CIANOCOBALAMINA,,,,,,
PIZOTIFENO,,,,,,
OCTREOTIDA,,,,,,
FOSFATO DE RIBOFLAVINA,,,,,,
MALEATO DE ASENAPINA,,,,,,
PROPIFENAZONA;PARACETAMOL;CAFEINA,,,,,,
LIRAGLUTIDA,,,,,,
MUCATO DE ISOMETEPTENO;CAFEINA;DIPIRONA MONOIDRATADA,,,,,,
PARACETAMOL;DICLOFENACO;CARISOPRODOL;CAFEINA,,,,,,
MUCATO DE ISOMETEPTENO;CLORIDRATO DE ISOMETEPTENO;CAFEINA;DIPIRONA,,,,,,
BROMETO DE GLICOPIRRONIO,,,,,,
FENDIZOATO DE CLOPERASTINA,,,,,,
TARTARATO DE METOPROLOL;HIDROCLOROTIAZIDA,,,,,,
SUCCINATO DE METOPROLOL;HIDROCLOROTIAZIDA,,,,,,
SUCCINATO DE METOPROLOL;FELODIPINO,,,,,,
SULBACTAM PIVOXILA;AMOXICILINA TRI-HIDRATADA,,,,,,
METENAMINA;CLORETO DE METILTIONINIO,,,,,,
XINAFOATO DE SALMETEROL;PROPIONATO DE FLUTICASONA,,,,,,
XINAFOATO DE SALMETEROL,,,,,,
NICERGOLINA,,,,,,
ALFACALCIDOL,,,,,,
PAMOATO DE PASIREOTIDA,,,,,,
SILIMARINA;RACEMETIONINA,,,,,,
SILIMARINA;DL-METIONINA,,,,,,
TARTARATO DE BRIMONIDINA;BRINZOLAMIDA,,,,,,
LEVOSIMENDANA,,,,,,
OXIDO DE MAGNESIO;SIMETICONA;HIDROXIDO DE ALUMINIO,,,,,,
EMULSÃO DE SIMETICONE 30%,,,,,,
GOLIMUMABE,,,,,,
BASILIXIMABE,,,,,,
MONTELUCASTE,,,,,,
FOSFATO DE TEDIZOLIDA,,,,,,
RISANQUIZUMABE,,,,,,
TAURINA,,,,,,
OLEO DE SOJA;OLEO DE OLIVA;OLEO DE PEIXE;TRIGLICERIDEOS CADEIA MEDIA,,,,,,
AMISSULPRIDA,,,,,,
COLECALCIFEROL;VITAMINA D,,,,,,
SOFOSBUVIR,,,,,,
LIXISENATIDA;INSULINA GLARGINA,,,,,,
ECULIZUMABE,,,,,,
SUCCINATO SODICO DE METILPREDNISOLONA,,,,,,
4% HALEX ISTAR,TArjA VErmElhA,,,,,
GLICOSE;DEXTROSE ANIDRA,,,,,,
LACTATO DE SODIO;GLICOSE;CLORETO DE MAGNESIO HEXAIDRATADO;CLORETO DE MAGNESIO;CLORETO DE CALCIO DI-HIDRATADO,,,,,,
CLORETO DE SODIO;CLORETO DE POTASSIO;CLORETO DE MAGNESIO HEXAIDRATADO;CLORETO DE CALCIO DI-HIDRATADO;CITRATO DE SODIO DI-HIDRATADO;ACETATO DE SODIO TRI-HIDRATADO,,,,,,
ESTREPTOQUINASE,,,,,,
ACIDO ACETILSALICILICO;GLICINATO DE ALUMINIO;CARBONATO DE MAGNESIO,,,,,,
ACETATO DE LANREOTIDA,,,,,,
PEGVISOMANTO,,,,,,
MALEATO DE PIMETIXENO,,,,,,
HEXAFLUORETO DE ENXOFRE,,,,,,
ACIDO CITRICO;ACIDO ACETILSALICILICO;CARBONATO DE SODIO;BICARBONATO DE SODIO,,,,,,
CLORIDRATO DE NAFAZOLINA;CLORETO DE SODIO;CLORETO DE BENZALCONIO,,,,,,
 PHONEUTRIA E TITYUS),TArjA VErmElhA,,,,,
SORO ANTIBOTROPICO (PENTAVALENTE);IMUNOGLOBULINA HETEROLOGA CONTRA VENENO DE BOTHROPS SP,,,,,,
SORO ANTIBOTROPICO (PENTAVALENTE) E ANTICROTALICO;IMUNOGLOBULINA HETEROLOGA CONTRA VENENO DE CROTALUS SP;IMUNOGLOBULINA HETEROLOGA CONTRA VENENO DE BOTHROPS SP,,,,,,
IMUNOGLOBULINA HETEROLOGA CONTRA VENENO DE BOTHROPS SP;IMUNOGLOBULINA HETEROLOGA CONTRA O VENENO DE LACHESIS MUTA,,,,,,
IMUNOGLOBULINA HETEROLOGA CONTRA TOXINA BOTULINICA TIPO B;IMUNOGLOBULINA HETEROLOGA CONTRA TOXINA BOTULINICA TIPO A,,,,,,
SORO ANTICROTALICO;IMUNOGLOBULINA HETEROLOGA CONTRA VENENO DE CROTALUS SP,,,,,,
SORO ANTIELAPIDICO (BIVALENTE);IMUNOGLOBULINA HETEROLOGA CONTRA VENENO DE MICRURUS FRONTALIS,,,,,,
SORO ANTIESCORPIONICO;IMUNOGLOBULINA HETEROLOGA CONTRA VENENO DE TITYUS SERRULATUS,,,,,,
SORO ANTILONOMICO;IMUNOGLOBULINA HETEROLOGA CONTRA VENENO DE LONOMIA OBLIQUA,,,,,,
SORO ANTIRRABICO;IMUNOGLOBULINA ANTI-RABICA,,,,,,
ASPARAGINASE,,,,,,
IBUPROFENO;ARGININA,,,,,,
IBUPROFENO ARGININA,,,,,,
NUSINERSENA,,,,,,
BROMETO DE TIOTROPIO,,,,,,
FELODIPINO,,,,,,
DASATINIBE,,,,,,
DASATINIBE MONOIDRATADO,,,,,,
TIANEPTINA,,,,,,
TIANEPTINA SODICA,,,,,,
LEVODOPA;ENTACAPONA;CARBIDOPA,,,,,,
VACINA FEBRE AMARELA (ATENUADA),,,,,,
NATEGLINIDA,,,,,,
MODAFINILA,,,,,,
USTEQUINUMABE,,,,,,
DICLORIDRATO DE TRIFLUOPERAZINA,,,,,,
ACETATO DE NOMEGESTROL;ESTRADIOL HEMI-HIDRATADO,,,,,,
SOMATOSTATINA,,,,,,
REGORAFENIBE,,,,,,
ACIDO CITRICO,,,,,,
ALFA-ASFOTASE,,,,,,
FLURBIPROFENO,,,,,,
CLORIDRATO DE OLODATEROL,,,,,,
CLORETO DE SUXAMETONIO,,,,,,
SUCRALFATO,,,,,,
SULBACTAM,,,,,,
SULBACTAM;AMOXICILINA,,,,,,
SULPIRIDA;BROMAZEPAM,,,,,,
SUMATRIPTANA,,,,,,
SUCCINATO DE SUMATRIPTANA;NAPROXENO SODICO,,,,,,
CLORIDRATO DE ALIZAPRIDA,,,,,,
OXIDO DE ZINCO;ACIDO ASCORBICO;SULFATO DE MANGANES;RIBOFLAVINA;PANTOTENATO DE CALCIO;NICOTINAMIDA;FUMARATO FERROSO;COLECALCIFEROL;CLORIDRATO DE TIAMINA;CLORIDRATO DE PIRIDOXINA;CIANOCOBALAMINA;CARBONATO DE MAGNESIO;CARBONATO DE CALCIO;ACETATO DE RETINOL,,,,,,
RIBOFLAVINA,,,,,,
ACETATO DE BUSSERRELINA,,,,,,
PROTEINAS;FOSFOLIPIDIOS,,,,,,
BERACTANTO,,,,,,
MALATO DE SUNITINIBE,,,,,,
SAQUINAVIR,,,,,,
DEFERASIROX,TArjA VErmElhA,,,,,
GANGLIOSIDEO GM1,,,,,,
PARICALCITOL,,,,,,
SILTUXIMABE,,,,,,
PALIVIZUMABE,,,,,,
VACINA PNEUMOCOCICA 10-VALENTE (CONJUGADA),,,,,,
TROMBINA;FIBRINOGENIO,,,,,,
MESILATO DE DABRAFENIBE,,,,,,
CLORIDRATO DE CIMETIDINA,,,,,,
MESILATO DE OSIMERTINIBE,,,,,,
OXIDO DE ZINCO;ACIDO SALICILICO;SALICILATO DE FENILA;MENTOL;ENXOFRE,,,,,,
IXEQUIZUMABE,,,,,,
CARISOPRODOL,,,,,,
HALOTANO,,,,,,
TIAMAZOL,,,,,,
ERLOTINIBE,,,,,,
COALTAR,,,,,,
CLORIDRATO DE OXICODONA;CLORIDRATO DE NALOXONA,,,,,,
NILOTINIBE,,,,,,
TOLCAPONA,,,,,,
ATEZOLIZUMABE,,,,,,
FUMARATO DE DIMETILA,,,,,,
CLORIDRATO DE BUTENAFINA,,,,,,
ACIDO IOXITALAMICO;MEGLUMINA,,,,,,
TEMOZOLOMIDA,,,,,,
FOSAMPRENAVIR,,,,,,
FOSAMPRENAVIR CALCICO,,,,,,
HIDROCLOROTIAZIDA;CLORIDRATO DE PROPRANOLOL,,,,,,
DIAZOXIDO,,,,,,
TEOFILINA,,,,,,
DIPIRONA MAGNESICA,,,,,,
HIDROCORTISONA;CLORIDRATO DE OXITETRACICLINA,,,,,,
SULFATO DE POLIMIXINA B;CLORIDRATO DE OXITETRACICLINA,,,,,,
SULFIRAM,,,,,,
VALERATO DE BETAMETASONA;TOLNAFTATO;SULFATO DE GENTAMICINA,,,,,,
VACINA ADSORVIDA DIFTERIA, 2 E 3 (INATIVADA),SANOFI-AVENTIS FARMACEUTICA LTDA,BIOlOgIcOs,TArjA VErmElhA,,
ACIDO TIOCTICO,,,,,,
MUCOPOLISSACARIDASE;ALFAMILASE;ALFAQUIMOTRIPSINA,,,,,,
TIOPENTAL SODICO,,,,,,
ALFATIROTROPINA,,,,,,
IMIPENEM MONOIDRATADO,,,,,,
CLORETO DE BENZETONIO,,,,,,
TIMOSTIMULINA,,,,,,
TIOCONAZOL;NITRATO DE MICONAZOL,,,,,,
TICARCILINA DISSODICA;CLAVULANATO DE POTASSIO,,,,,,
TICARCILINA DISSODICA,,,,,,
TROMBINA;FIBRINOGENIO;APROTININA,,,,,,
DOLUTEGRAVIR SODICO,,,,,,
TOBRAMICINA;DEXAMETASONA,,,,,,
SULFATO DE TOBRAMICINA,,,,,,
ACIDO FOSFORICO;SULFATO FERROSO,,,,,,
PROPILPARABENO,,,,,,
CETOROLACO TROMETAMOL,,,,,,
CEFTAZIDIMA PENTAHIDRATADA;AVIBACTAM SODICO,,,,,,
TENSIROLIMO,,,,,,
ACIDO VALPROICO;VALPROATO DE SODIO,,,,,,
TRIMEGESTONA;ESTRADIOL,,,,,,
VACINA TETANO (INATIVADA),,,,,,
ATOSIBANA,,,,,,
MENTOL;GUAIACOL;EUCALIPTOL;CANFORA,,,,,,
CLORIDRATO DE METFORMINA;LINAGLIPTINA,,,,,,
GUSELCUMABE,,,,,,
INSULINA DEGLUDECA,,,,,,
TRETINOINA,,,,,,
ACIDO FOLICO;ACIDO ASCORBICO;RIBOFLAVINA;PALMITATO DE RETINOL;NICOTINAMIDA;FITOMENADIONA;DEXPANTENOL;COLECALCIFEROL;CLORIDRATO DE TIAMINA;CLORIDRATO DE PIRIDOXINA;CIANOCOBALAMINA;BIOTINA;ACETATO DE DEXTROALFATOCOFEROL,,,,,,
ACIDO FOLICO;ACIDO ASCORBICO;RIBOFLAVINA;PALMITATO DE RETINOL;NICOTINAMIDA;FITOMENADIONA;DEXPANTENOL;COLECALCIFEROL;CLORIDRATO DE TIAMINA;CLORIDRATO DE PIRIDOXINA;CIANOCOBALAMINA;BIOTINA;ACETATO DE RACEALFATOCOFEROL,,,,,,
TRIANCINOLONA HEXACETONIDA,,,,,,
MEPARTRICINA;CLORIDRATO DE TETRACICLINA,,,,,,
NITROGLICERINA,,,,,,
SULBACTAM SODICA;SULBACTAM;AMOXICILINA TRI-HIDRATADA,,,,,,
SULBACTAM SODICA;AMOXICILINA SODICA,,,,,,
ACIDO ASCORBICO;RUTOSIDEO;PARACETAMOL;MALEATO DE DIMETINDENO;CLORIDRATO DE FENILEFRINA,,,,,,
TARTARATO DE BRIMONIDINA;MALEATO DE TIMOLOL;BIMATOPROSTA,,,,,,
TRIOXIDO DE ARSENIO,,,,,,
HIPROMELOSE;GLICEROL;DEXTRANA,,,,,,
SULFATO DE ABACAVIR;LAMIVUDINA;DOLUTEGRAVIR SODICO,,,,,,
SULFATO DE NEOMICINA;NISTATINA;DEXAMETASONA,,,,,,
NICOTINATO DE BENZILA;HEPARINA SODICA SUINA,,,,,,
METILBROMETO DE HOMATROPINA;BUTILBROMETO DE ESCOPOLAMINA;BROMIDRATO DE HIOSCIAMINA;DIPIRONA MONOIDRATADA,,,,,,
DULAGLUTIDA,,,,,,
VACINA HEPATITE B (RECOMBINANTE);VACINA ADSORVIDA HEPATITE A (INATIVADA),,,,,,
TIGECICLINA,,,,,,
DITOSILATO DE LAPATINIBE,,,,,,
NATALIZUMABE,,,,,,
ACETATO DE ULIPRISTAL,,,,,,
MALEATO DE INDACATEROL;BROMETO DE GLICOPIRRONIO,,,,,,
PIVALATO DE FLUOCORTOLONA;CLORIDRATO DE LIDOCAINA,,,,,,
IOPROMIDA,,,,,,
SULTAMICILINA,,,,,,
TOSILATO DE SULTAMICILINA,,,,,,
METILPREDNISOLONA,,,,,,
BIOTINA,,,,,,
DIASPARTATO DE PASIREOTIDA,,,,,,
SELEXIPAGUE,,,,,,
TRIMETOPRIMA;SULFAMETOXAZOL;CLORIDRATO DE FENAZOPIRIDINA,,,,,,
AMIDOTRIZOATO SODICO;AMIDOTRIZOATO DE MEGLUMINA,,,,,,
LISADO BACTERIANO DE ESCHERICHIA COLI,,,,,,
ACIDO URSODESOXICOLICO,,,,,,
 TETANO E PERTUSIS (ACELULAR),BIOlOgIcOs,TArjA VErmElhA,,,,
 TETANO E PERTUSSIS,TArjA VErmElhA,,,,,
 TETANO E PERTUSSIS (ACELULAR),BIOlOgIcOs,TArjA VErmElhA,,,,
ANTIGENO DE SUPERFICIE DA HEPATITE B,,,,,,
VACINA RAIVA (INATIVADA),,,,,,
ANATOXINA TETANICA;ANATOXINA DIFTERICA,,,,,,
VACINA ADSORVIDA DIFTERIA E TETANO INFANTIL;ANATOXINA TETANICA;ANATOXINA DIFTERICA,,,,,,
VACINA FEBRE TIFOIDE (POLISSACARIDICA),,,,,,
VACINA HAEMOPHILUS INFLUENZAE B (CONJUGADA),,,,,,
 INATIVADA),BIOlOgIcOs,TArjA VErmElhA,,,,
 SUBUNITARIA,BIOlOgIcOs,TArjA VErmElhA,,,,
VACINA INFLUENZA TRIVALENTE (FRAGMENTADA,TArjA VErmElhA,,,,,
CEPA INFLUENZA TIPO A (H3N2);CEPA INFLUENZA TIPO A (H1N1);CEPA INFLUENZA TIPO B,,,,,,
11, 16 E 18 (RECOMBINANTE),INSTITUTO BUTANTAN,BIOlOgIcOs,TArjA VErmElhA,,
 2 E 3 (ATENUADA),BIOlOgIcOs,TArjA VErmElhA,,,,
 2 E 3 (INATIVADA),TArjA VErmElhA,,,,,
3 (ATENUADA),TArjA VErmElhA,,,,,
 CAXUMA,BIOlOgIcOs,TArjA VErmElhA,,,,
 CAXUMBA E RUBEOLA (ATENUADA),SANOFI-AVENTIS FARMACEUTICA LTDA,BIOlOgIcOs,TArjA VErmElhA,,,
 CAXUMBA, RUBEOLA E VARICELA (ATENUADA),FUNDAÇÃO OSWALDO CRUZ,BIOlOgIcOs,TArjA VErmElhA,,
VACINA VARICELA (ATENUADA),,,,,,
VALGANCICLOVIR,,,,,,
VALERATO DE ESTRADIOL MICRONIZADO,,,,,,
VALACICLOVIR,,,,,,
BROMETO DE UMECLIDINIO,,,,,,
CILAZAPRIL,,,,,,
HIDROCLOROTIAZIDA;CILAZAPRIL,,,,,,
ACIDO ACETILSALICILICO;MONONITRATO DE ISOSSORBIDA,,,,,,
PANITUMUMABE,,,,,,
BROMETO DE VECURONIO,,,,,,
CUMARINA;HEPARINA SODICA SUINA,,,,,,
HEPARINA;CUMARINA,,,,,,
VENETOCLAX,,,,,,
HETAMIDO,,,,,,
RUTOSIDEO,,,,,,
ILOPROSTA,,,,,,
HIDROSMINA,,,,,,
DIMESILATO DE LISDEXANFETAMINA,,,,,,
FLUOXETINA,,,,,,
MESILATO DE DIIDROERGOCRISTINA;FLUNARIZINA,,,,,,
ACIDO FUSIDICO;ACETATO DE HIDROCORTISONA,,,,,,
ABEMACICLIBE,,,,,,
SUCCINATO DE SOLIFENACINA;CLORIDRATO DE TANSULOSINA,,,,,,
OLEO DE EUCALIPTO;LEVOMENTOL;CANFORA,,,,,,
VIMPOCETINA,,,,,,
BOCEPREVIR,,,,,,
RITONAVIR;VERUPREVIR DI-HIDRATADO;OMBITASVIR HIDRATADO;DASABUVIR SODICO MONOIDRATADO,,,,,,
ACIDO FOLICO;CIANOCOBALAMINA;BISGLICINATO FERROSO,,,,,,
FOSFATO DISSODICO DE DEXAMETASONA;CLORIDRATO DE MOXIFLOXACINO,,,,,,
CLORIDRATO DE VILAZODONA,,,,,,
HEMITARTARATO DE VINORELBINA,SImIlAr,TArjA VErmElhA,,,,
ALFAELOSULFASE,,,,,,
NAPROXENO;ESOMEPRAZOL MAGNESICO,,,,,,
UBIDECARENONA,,,,,,
SULFATO DE BERBERINA;FENOLSULFONATO DE ZINCO;CLORIDRATO DE NAFAZOLINA,,,,,,
IODIXANOL,,,,,,
PINDOLOL;CLOPAMIDA,,,,,,
PINDOLOL,,,,,,
VERTEPORFINA,,,,,,
ACIDO ASCORBICO;SULFATO DE ZINCO;SULFATO DE MAGNESIO;ACETATO DE RETINOL;ACETATO DE DEXTROALFATOCOFEROL,,,,,,
TRETINOINA;FOSFATO DE CLINDAMICINA,,,,,,
TRETINOINA;HIDROQUINONA;FLUCLOROLONA ACETONIDA,,,,,,
PALMITATO DE RETINOL;COLECALCIFEROL;ALANTOINA;ACETATO DE RACEALFATOCOFEROL,,,,,,
PALMITATO DE RETINOL;COLECALCIFEROL,,,,,,
OXIDO DE MAGNESIO;ACIDO FOLICO;ACIDO ASCORBICO;TIAMINA;SULFATO DE MANGANES;RIBOFLAVINA;PANTOTENATO DE CALCIO;NICOTINAMIDA;IODETO DE POTASSIO;FUMARATO FERROSO;FOSFATO DE CALCIO DIBASICO DIIDRATADO;COLECALCIFEROL;CLORIDRATO DE PIRIDOXINA;CIANOCOBALAMINA;ACETATO DE RETINOL,,,,,,
ROSUVASTATINA,,,,,,
AMBRISENTANA,,,,,,
CLORIDRATO DE PAZOPANIBE,,,,,,
ALFAVELAGLICERASE,,,,,,
TENIPOSIDEO,,,,,,
TAFAMIDIS MEGLUMINA,,,,,,
PODOFILOTOXINA,,,,,,
FATOR DE VON WILLEBRAND;FATOR VIII DE COAGULAÇÃO ;FATOR VON WILLEBRAND,,,,,,
SULFATO DE PSEUDOEFEDRINA;MALEATO DE DEXBRONFENIRAMINA,,,,,,
MESILATO DE SAFINAMIDA,,,,,,
CRIZOTINIBE,,,,,,
RACEMETIONINA;CLORETO DE COLINA,,,,,,
ACETIL-METIONINA,,,,,,
CITRATO DE COLINA;BETAINA;ACETIL-METIONINA,,,,,,
CITRATO DE COLINA;BETAINA;ACETILRACEMETIONINA,,,,,,
GUAIFENESINA;BROMIDRATO DE DEXTROMETORFANO,,,,,,
CLORIDRATO DE ALFUZOSINA,,,,,,
LORNOXICAM,,,,,,
CITRATO DE TOFACITINIBE,,,,,,
RIFAXIMINA,,,,,,
DAPAGLIFLOZINA;CLORIDRATO DE METFORMINA,,,,,,
CLORETO DE RADIO (223 RA),,,,,,
OMALIZUMABE,,,,,,
ENZALUTAMIDA,,,,,,
LIRAGLUTIDA;INSULINA DEGLUDECA,,,,,,
CLORIDRATO DE LIDOCAINA;GLICOSE ANIDRA,,,,,,
LIDOCAINA;CLORIDRATO DE LIDOCAINA,,,,,,
OXIDO DE ZINCO;SUBACETATO DE ALUMINIO;LIDOCAINA;ACETATO DE HIDROCORTISONA,,,,,,
ALFAMOROCTOCOGUE,,,,,,
DROSPIRENONA;CLATRATO DE ETINILESTRADIOL BETACICLODEXTRINA,,,,,,
IPILIMUMABE,,,,,,
CLORIDRATO DE IOIMBINA,,,,,,
MIGLUSTATE,,,,,,
VEMURAFENIBE,,,,,,
MALEATO DE TEGASERODE,,,,,,
FUROATO DE MOMETASONA;FUMARATO DE FORMOTEROL DI-HIDRATADO,,,,,,
GRAZOPREVIR;ELBASVIR,,,,,,
TAZOBACTAM SODICO;SULFATO DE CEFTOLOZANA,,,,,,
SULFATO DE ABACAVIR,,,,,,
CEFTAROLINA FOSAMILA,,,,,,
OXIDO DE ZINCO;ACIDO ASCORBICO;RACEALFATOCOFEROL;CITRATO DE COBRE;BETACAROTENO,,,,,,
NOMEGESTROL,,,,,,
ACETATO DE GOSSERRELINA,,,,,,
ZOLMITRIPTANA,,,,,,
ALFATUROCTOCOGUE,,,,,,
VACINA HERPES ZOSTER (ATENUADA),,,,,,
LESINURADE,,,,,,
TOBRAMICINA;ETABONATO DE LOTEPREDNOL,,,,,,
GATIFLOXACINO,,,,,,
GATIFLOXACINO SESQUIDRATADO;ACETATO DE PREDNISOLONA,,,,,,
LEVOCETIRIZINA,,,,,,
